-- phpMyAdmin SQL Dump
-- version 5.2.0
-- https://www.phpmyadmin.net/
--
-- Hôte : localhost
-- Généré le : lun. 14 nov. 2022 à 16:45
-- Version du serveur : 5.7.31
-- Version de PHP : 8.1.12

SET SQL_MODE = "NO_AUTO_VALUE_ON_ZERO";
START TRANSACTION;
SET time_zone = "+00:00";


/*!40101 SET @OLD_CHARACTER_SET_CLIENT=@@CHARACTER_SET_CLIENT */;
/*!40101 SET @OLD_CHARACTER_SET_RESULTS=@@CHARACTER_SET_RESULTS */;
/*!40101 SET @OLD_COLLATION_CONNECTION=@@COLLATION_CONNECTION */;
/*!40101 SET NAMES utf8mb4 */;

--
-- Base de données : `pierso112u`
--

-- --------------------------------------------------------

--
-- Structure de la table `atelier1__access`
--

CREATE TABLE `atelier1__access` (
  `id` int(11) NOT NULL,
  `user_id` int(11) NOT NULL,
  `gallery_id` int(11) NOT NULL
) ENGINE=InnoDB DEFAULT CHARSET=utf8;

-- --------------------------------------------------------

--
-- Structure de la table `atelier1__comment`
--

CREATE TABLE `atelier1__comment` (
  `id` int(11) NOT NULL,
  `content` varchar(512) NOT NULL,
  `created_at` timestamp NOT NULL DEFAULT CURRENT_TIMESTAMP ON UPDATE CURRENT_TIMESTAMP,
  `updated_at` timestamp NOT NULL DEFAULT '0000-00-00 00:00:00',
  `image_id` int(11) NOT NULL,
  `user_id` int(11) NOT NULL
) ENGINE=InnoDB DEFAULT CHARSET=latin1;

-- --------------------------------------------------------

--
-- Structure de la table `atelier1__gallery`
--

CREATE TABLE `atelier1__gallery` (
  `id` int(11) NOT NULL,
  `name` varchar(256) CHARACTER SET utf8 NOT NULL,
  `description` varchar(256) CHARACTER SET utf8 NOT NULL,
  `author` int(11) NOT NULL,
  `isPrivate` tinyint(1) NOT NULL DEFAULT '0',
  `hasImage` tinyint(1) NOT NULL DEFAULT '0',
  `created_at` timestamp NOT NULL DEFAULT CURRENT_TIMESTAMP,
  `updated_at` timestamp NULL DEFAULT '0000-00-00 00:00:00'
) ENGINE=InnoDB DEFAULT CHARSET=latin1;

--
-- Déchargement des données de la table `atelier1__gallery`
--

INSERT INTO `atelier1__gallery` (`id`, `name`, `description`, `author`, `isPrivate`, `hasImage`, `created_at`, `updated_at`) VALUES
(1, 'Facere veritatis.', 'Dolorum facilis aspernatur iusto nemo et fuga placeat. Vero possimus voluptas est rerum magni. Placeat voluptatem distinctio tempora voluptatum sed.', 42, 0, 1, '2022-11-14 15:17:46', '2022-11-14 15:41:57'),
(2, 'Laborum architecto.', 'Ab esse quo qui. Ut expedita velit dolor repellat a unde voluptate. Consequatur commodi corporis eum nostrum quisquam qui reprehenderit.', 35, 0, 1, '2022-11-14 15:17:46', '2022-11-14 15:41:57'),
(3, 'Harum asperiores.', 'Molestias autem earum repellat quibusdam dolor aut ut. Sint aut ea explicabo. Sapiente ab nostrum consequatur ad error est. Atque quidem et qui labore itaque.', 46, 0, 1, '2022-11-14 15:17:46', '2022-11-14 15:41:57'),
(4, 'Est similique.', 'Autem nisi beatae cupiditate et sit fuga et. Rerum aut ducimus ut eum sed. Quasi vel laborum quia expedita saepe voluptatem.', 49, 0, 1, '2022-11-14 15:17:46', '2022-11-14 15:41:57'),
(5, 'Inventore nobis.', 'Hic temporibus fugiat aliquid sed voluptas. Nemo non et incidunt eum esse culpa. Voluptates veritatis quasi et corrupti vero est sint. Qui qui voluptate sit blanditiis officia sed eum est.', 44, 0, 1, '2022-11-14 15:17:46', '2022-11-14 15:41:57'),
(6, 'Quam esse soluta.', 'Est quasi quas officia atque. Accusamus est est odit architecto illo. Quia quaerat dolor at sit similique omnis qui.', 44, 0, 1, '2022-11-14 15:17:46', '2022-11-14 15:41:57'),
(7, 'Quod similique et.', 'Dolor nihil id et necessitatibus ducimus necessitatibus. Sit totam ipsam aut voluptatem. Laborum in eos est pariatur.', 45, 0, 1, '2022-11-14 15:17:46', '2022-11-14 15:41:57'),
(8, 'Aut facere dolores.', 'Ipsa dolorem id rerum dolor. Eligendi aut numquam velit recusandae et. Quae eligendi in sed iste. Id fuga consequatur error aliquid minus.', 47, 0, 1, '2022-11-14 15:17:46', '2022-11-14 15:41:57'),
(9, 'Magnam aspernatur.', 'Accusantium cumque dignissimos ad nobis iusto. Commodi nesciunt repudiandae dignissimos ut quidem debitis atque. Hic doloremque asperiores iure et consequatur aliquam laudantium iste.', 4, 0, 1, '2022-11-14 15:17:46', '2022-11-14 15:41:57'),
(10, 'Voluptatem alias.', 'Repellendus dolorem qui magnam deleniti ut. Sint quasi debitis atque quia iure placeat officiis. Ullam similique sequi eos non velit quia odit.', 7, 0, 1, '2022-11-14 15:17:46', '2022-11-14 15:41:57'),
(11, 'Rem accusamus.', 'Aperiam praesentium et est. Et qui impedit qui provident natus. Porro animi quis a expedita repudiandae. Quas et nihil et quibusdam cupiditate eius non dolor. Enim non sed dicta molestiae.', 23, 0, 1, '2022-11-14 15:17:46', '2022-11-14 15:41:57'),
(12, 'Quo nisi qui.', 'Enim earum fuga dolorum deserunt debitis. Perspiciatis esse quas facere ea neque consequuntur laborum. Est inventore tempore maiores qui et dolores. Molestias voluptas sed velit unde enim et error.', 31, 0, 1, '2022-11-14 15:17:46', '2022-11-14 15:41:57'),
(13, 'Voluptates expedita.', 'Modi asperiores nulla quis. Odit odit velit error voluptatibus corporis. Temporibus expedita voluptate qui consectetur et. Eos voluptas dicta eius ducimus.', 28, 0, 1, '2022-11-14 15:17:46', '2022-11-14 15:41:57'),
(14, 'Ducimus.', 'Quis delectus dicta in voluptas sint consequatur earum quidem. Sapiente non reprehenderit voluptatem totam aut qui amet. Odit quo quas dolores tempore atque tenetur est.', 1, 0, 1, '2022-11-14 15:17:46', '2022-11-14 15:41:57'),
(15, 'Aliquam est facere.', 'Odit eius et doloribus eum aliquid. Aut quis ducimus cum quia quae et dolorem rem. Recusandae vel unde sit eius et.', 24, 0, 1, '2022-11-14 15:17:46', '2022-11-14 15:41:57'),
(16, 'Non ea repellat sit.', 'Quisquam non qui assumenda repellat accusantium ut. Adipisci sed vel quaerat quis molestiae sunt. Alias voluptates eligendi suscipit suscipit.', 49, 0, 1, '2022-11-14 15:17:46', '2022-11-14 15:41:57'),
(17, 'Maiores ea natus.', 'Est dolor nisi ut occaecati doloribus repudiandae ea. Optio quidem aut incidunt ipsa omnis fugiat atque. Ut accusantium et est corporis sapiente reiciendis et. Dicta aut et excepturi quisquam.', 7, 0, 1, '2022-11-14 15:17:46', '2022-11-14 15:41:57'),
(18, 'Voluptatem eos.', 'Ut cupiditate tenetur consequatur et rerum omnis aliquid tenetur. Voluptatibus et qui modi. Totam ducimus facere asperiores rerum numquam assumenda.', 22, 0, 1, '2022-11-14 15:17:46', '2022-11-14 15:41:57'),
(19, 'Consequuntur ut.', 'In suscipit rem enim. Et reiciendis ea tempora dignissimos asperiores quia in. Deserunt consectetur velit optio eius sunt blanditiis aliquam omnis. Omnis vitae ducimus ut.', 33, 0, 1, '2022-11-14 15:17:46', '2022-11-14 15:41:57'),
(20, 'Voluptas natus.', 'Deserunt vel voluptas amet iusto. Esse itaque vitae consequatur qui facere occaecati voluptatum et. Aut vero odit tenetur.', 12, 0, 1, '2022-11-14 15:17:46', '2022-11-14 15:41:57'),
(21, 'Debitis reiciendis.', 'Et ut ratione alias. Quidem quo officiis suscipit blanditiis dignissimos. Est quas magnam minus quidem delectus sequi et voluptatem. Consectetur omnis cum magni nostrum deleniti velit vel.', 12, 0, 1, '2022-11-14 15:17:46', '2022-11-14 15:41:57'),
(22, 'Consectetur.', 'Ea est adipisci ea aspernatur provident. In quidem a perspiciatis quis. Rerum beatae est et vitae quas accusantium assumenda. Ratione facilis adipisci est. Voluptatem ipsum eius atque ea.', 41, 0, 1, '2022-11-14 15:17:46', '2022-11-14 15:41:57'),
(23, 'Itaque iste quas.', 'Est rerum ea sit. Fugiat saepe dolore magni minus et molestiae quia tempora. Explicabo voluptatem tempora quo quod pariatur.', 13, 0, 1, '2022-11-14 15:17:46', '2022-11-14 15:41:57'),
(24, 'Est ipsa quaerat.', 'Cum eum qui accusantium occaecati aperiam repellendus. Voluptates modi similique fugit atque sit sit mollitia. Deserunt autem qui omnis enim repudiandae sed qui. Qui sint sed eum.', 22, 0, 1, '2022-11-14 15:17:46', '2022-11-14 15:41:57'),
(25, 'Error illum et.', 'Et adipisci ut nisi omnis expedita ut blanditiis. Laudantium quae soluta porro corrupti minima. Dolores est est dicta iusto. Explicabo rerum quia eveniet et voluptates.', 11, 0, 1, '2022-11-14 15:17:46', '2022-11-14 15:41:57'),
(26, 'Quas et est sit.', 'Explicabo ullam vero doloremque molestiae rerum id laboriosam. Quos repudiandae perspiciatis cupiditate ut magni et quia. Incidunt impedit quia qui qui et aspernatur. Ad est quia est incidunt.', 14, 0, 1, '2022-11-14 15:17:46', '2022-11-14 15:41:57'),
(27, 'Est facere qui.', 'Sed quod est omnis rerum nihil. Ut rem iusto voluptatem nostrum optio quia. Aspernatur dolor quis non. Est commodi aut fuga autem asperiores unde consequatur aliquid.', 20, 0, 1, '2022-11-14 15:17:46', '2022-11-14 15:41:57'),
(28, 'Natus debitis id.', 'Omnis sed temporibus beatae tempore. Modi sit aperiam ut deleniti quis qui. Et et quam accusantium.', 19, 0, 1, '2022-11-14 15:17:46', '2022-11-14 15:41:57'),
(29, 'Fuga dolor nemo.', 'Magnam quia neque deserunt incidunt quos. Vero voluptates sapiente voluptas consequuntur. Velit voluptates est esse sunt voluptas.', 38, 0, 1, '2022-11-14 15:17:46', '2022-11-14 15:41:57'),
(30, 'Beatae aut facere.', 'Vel est id eius et magni placeat et. Vitae sunt qui voluptas incidunt omnis. Excepturi rerum libero est nesciunt.', 30, 0, 1, '2022-11-14 15:17:46', '2022-11-14 15:41:57'),
(31, 'Qui dolor quia qui.', 'Est tenetur optio et vel aut nihil. Sed enim nobis est maxime dolorum eum. Dicta pariatur eos deserunt nemo velit distinctio eos omnis.', 29, 0, 1, '2022-11-14 15:17:46', '2022-11-14 15:41:57'),
(32, 'Omnis atque.', 'Quo pariatur necessitatibus dolorem omnis rerum. Sed vitae ut quia ex a. Quia impedit voluptatum pariatur mollitia et at.', 46, 0, 1, '2022-11-14 15:17:46', '2022-11-14 15:41:57'),
(33, 'Ex ut quaerat.', 'Accusamus possimus labore veniam velit quia voluptas. Repellat sunt aperiam consectetur sunt in enim. Necessitatibus aliquid qui sapiente doloremque eos omnis fugiat. Quia et sit qui dolorem.', 50, 0, 1, '2022-11-14 15:17:46', '2022-11-14 15:41:57'),
(34, 'Incidunt sequi esse.', 'Est nihil ducimus molestiae sit. Et ut magnam quis minus facere. Aliquam enim veritatis quo eos rerum sit eveniet. Maxime debitis aut nobis earum sunt dolore non delectus.', 32, 0, 1, '2022-11-14 15:17:46', '2022-11-14 15:41:57'),
(35, 'Velit doloremque.', 'Quia error et sunt fugiat. Quasi sit voluptas ea soluta dolorum repellendus dolorem. Non praesentium rerum hic et. Sint eligendi ut saepe est.', 50, 0, 1, '2022-11-14 15:17:46', '2022-11-14 15:41:57'),
(36, 'Cupiditate.', 'Aperiam quia optio sapiente distinctio praesentium minima aut. Tempore sunt placeat sed non ea qui non. Et distinctio qui error autem cupiditate impedit autem.', 46, 0, 1, '2022-11-14 15:17:46', '2022-11-14 15:41:57'),
(37, 'Nihil mollitia.', 'Tenetur facilis tempora in quasi quidem culpa. Amet qui est ex veritatis officia quae non. Molestiae ratione deleniti officiis a aliquid. Qui dolores debitis et dignissimos.', 36, 0, 1, '2022-11-14 15:17:46', '2022-11-14 15:41:57'),
(38, 'Earum est excepturi.', 'Tenetur debitis autem aut. Explicabo magni enim commodi veritatis ratione. Quod vitae assumenda iure dignissimos vero ducimus odio. Esse qui consequatur sit qui molestiae.', 10, 0, 1, '2022-11-14 15:17:46', '2022-11-14 15:41:57'),
(39, 'Nam nihil qui ea.', 'Molestiae commodi quia mollitia saepe adipisci ut sed. Ut sint non ex. Sunt laudantium iusto quia voluptatibus consectetur aut est. Neque vitae deserunt at et alias deleniti laboriosam ullam.', 10, 0, 1, '2022-11-14 15:17:46', '2022-11-14 15:41:57'),
(40, 'Optio et laboriosam.', 'Veritatis ad autem et nulla quae qui illum. Iure ut eos ut saepe. Voluptas occaecati aut nisi sequi rerum.', 29, 0, 1, '2022-11-14 15:17:46', '2022-11-14 15:41:57'),
(41, 'Ut quisquam sunt.', 'Voluptas doloremque odit voluptatem enim eos harum. Minus recusandae eveniet consectetur laborum. Molestiae ratione cumque quia.', 11, 0, 1, '2022-11-14 15:17:46', '2022-11-14 15:41:57'),
(42, 'Rerum vel.', 'Quaerat tempore magnam eaque pariatur veniam accusamus consequatur. Esse saepe aut et esse quo repellat cumque. Enim aut totam nihil sit officiis dolorem. Ut iusto et voluptatem ut modi in.', 10, 0, 1, '2022-11-14 15:17:46', '2022-11-14 15:41:57'),
(43, 'Reprehenderit.', 'Hic cumque nesciunt saepe vel veritatis. Numquam aspernatur perspiciatis excepturi eligendi enim.', 33, 0, 1, '2022-11-14 15:17:46', '2022-11-14 15:41:57'),
(44, 'Laudantium.', 'Vitae et similique veniam doloremque ut officiis. Ipsa officiis molestiae numquam ab architecto fugit blanditiis. Numquam magnam modi autem. Excepturi velit vitae ex magni provident soluta.', 34, 0, 1, '2022-11-14 15:17:46', '2022-11-14 15:41:57'),
(45, 'Rem libero qui vel.', 'Et incidunt quia deserunt accusamus deleniti assumenda. Distinctio quia debitis magni. Dolore quam et qui dolorem aut.', 29, 0, 1, '2022-11-14 15:17:46', '2022-11-14 15:41:57'),
(46, 'Nam totam iusto est.', 'Ut hic odit dignissimos velit et. Quo optio minima quia beatae consectetur. Perferendis dolor voluptatem animi voluptates dolor voluptatem.', 25, 0, 1, '2022-11-14 15:17:46', '2022-11-14 15:41:57'),
(47, 'Qui placeat et.', 'Beatae quis hic voluptas alias. Ratione et rerum voluptatibus reiciendis quisquam necessitatibus aliquid. Dolorum ea provident neque non unde voluptatem aut.', 29, 0, 1, '2022-11-14 15:17:46', '2022-11-14 15:41:57'),
(48, 'Quod numquam.', 'Odit et modi eum cum corporis. Voluptatem accusamus iure dolor. Harum aut impedit quisquam qui culpa maiores est.', 39, 0, 1, '2022-11-14 15:17:46', '2022-11-14 15:41:57'),
(49, 'Enim tempora rerum.', 'Natus qui magnam fugit. Dolores deserunt sit id excepturi temporibus amet. Ex nihil est ullam voluptatem quidem est quo.', 25, 0, 1, '2022-11-14 15:17:46', '2022-11-14 15:41:57'),
(50, 'Iusto dicta aut sed.', 'Animi amet illum accusamus esse magnam. Et quia culpa optio dolore. Libero quos eaque tempora quia. Officiis aut officia explicabo et laboriosam ea.', 30, 0, 1, '2022-11-14 15:17:46', '2022-11-14 15:41:57'),
(51, 'Consequuntur.', 'Ratione iusto veritatis harum sed. Error et occaecati est quia minus consequuntur. Assumenda est ipsa vel sed soluta neque recusandae nostrum.', 13, 0, 1, '2022-11-14 15:17:46', '2022-11-14 15:41:57'),
(52, 'Tempora accusantium.', 'Quos iure vero quas enim quia laudantium nesciunt. Soluta rem error sint aut optio. Et qui non a voluptas.', 21, 0, 1, '2022-11-14 15:17:46', '2022-11-14 15:41:57'),
(53, 'A et doloremque.', 'Delectus sapiente ut repudiandae omnis dolor sed. Debitis qui expedita labore tempore aliquam corporis. Rerum eum ipsam ad aliquam quia aspernatur iusto. Molestiae ut et expedita placeat natus error.', 48, 0, 1, '2022-11-14 15:17:46', '2022-11-14 15:41:57'),
(54, 'Maiores cum.', 'Earum ducimus debitis sit. Est voluptate exercitationem qui error. Fuga nihil qui sed eos voluptas. Enim voluptatum voluptas iure veritatis.', 41, 0, 1, '2022-11-14 15:17:46', '2022-11-14 15:41:57'),
(55, 'Voluptatem id.', 'Ut magni expedita facilis recusandae. Doloribus distinctio labore consequatur. Qui sed accusamus corrupti suscipit accusantium modi.', 18, 0, 1, '2022-11-14 15:17:46', '2022-11-14 15:41:57'),
(56, 'Numquam dolorum.', 'Commodi voluptatem quam dolores eos animi sit. Et est sint perferendis esse ex aliquam consequatur. Aut aut modi omnis sit molestias.', 24, 0, 1, '2022-11-14 15:17:46', '2022-11-14 15:41:57'),
(57, 'Aut iure error.', 'Ducimus illum eaque rerum qui. Dolores assumenda consequatur sunt consequatur fugit laboriosam quia.', 38, 0, 1, '2022-11-14 15:17:46', '2022-11-14 15:41:57'),
(58, 'Deserunt a.', 'Fugit molestias molestias architecto consectetur cum voluptas blanditiis. Voluptas et ut reprehenderit quisquam dolorem a distinctio quo.', 43, 0, 1, '2022-11-14 15:17:46', '2022-11-14 15:41:57'),
(59, 'Sapiente ut amet.', 'Et autem repudiandae totam aspernatur. Et nam qui voluptates perspiciatis sint. Maxime laudantium cum laudantium tempora. Quaerat aut perferendis laborum ut.', 47, 0, 1, '2022-11-14 15:17:46', '2022-11-14 15:41:57'),
(60, 'Ab debitis quisquam.', 'Ut quis dolor et voluptatibus animi rem eos. Voluptas tempore iure maxime ut mollitia ea. Vel beatae dicta quasi.', 5, 0, 1, '2022-11-14 15:17:46', '2022-11-14 15:41:57'),
(61, 'Voluptatem totam et.', 'Explicabo iure quis delectus illum. Magnam eveniet dicta unde laborum. Velit culpa nostrum repellat similique odio quasi et quos. Sunt tempora nihil aspernatur dolorum iure itaque.', 32, 0, 1, '2022-11-14 15:17:46', '2022-11-14 15:41:57'),
(62, 'Alias architecto.', 'Cumque similique voluptas consectetur quidem consequuntur culpa dolor veniam. Enim aut est adipisci odio. Eligendi perspiciatis tenetur autem asperiores ea.', 30, 0, 1, '2022-11-14 15:17:46', '2022-11-14 15:41:57'),
(63, 'Similique amet hic.', 'Omnis quam et tempore doloremque tenetur quam. Suscipit atque eum amet eos illo quia tempore. Aperiam autem facilis modi aperiam animi harum dolores. Et cumque nam dolores illo voluptas non.', 23, 0, 1, '2022-11-14 15:17:46', '2022-11-14 15:41:57'),
(64, 'Qui voluptates.', 'Qui fuga non eum itaque voluptas consequuntur ab. Et minima doloremque et ut. Facere aut rem tenetur pariatur molestiae. Eum non ullam aperiam iste cupiditate.', 25, 0, 1, '2022-11-14 15:17:46', '2022-11-14 15:41:57'),
(65, 'Voluptatem dolores.', 'Minus nostrum similique et. Adipisci quisquam consequatur ratione quia. Expedita saepe commodi nihil ea velit aliquid. Cupiditate dolore enim explicabo neque aut. Voluptatum sapiente ipsa placeat.', 5, 0, 1, '2022-11-14 15:17:46', '2022-11-14 15:41:57'),
(66, 'Fugit veniam sed.', 'Non quod repellat molestias magnam inventore non. Et labore molestiae et. Maxime vero voluptates dolor amet. Voluptatem quia saepe quis aut. Ut vero asperiores occaecati perferendis totam sed.', 42, 0, 1, '2022-11-14 15:17:46', '2022-11-14 15:41:57'),
(67, 'Est blanditiis iure.', 'Animi autem fugiat vel ducimus deserunt veritatis. Doloribus iure nisi velit libero temporibus hic.', 36, 0, 1, '2022-11-14 15:17:46', '2022-11-14 15:41:57'),
(68, 'Officiis maxime eum.', 'Maxime aut id fugit vero. Nihil aut ut exercitationem saepe ex id delectus doloribus. Velit qui quia autem delectus natus corporis culpa minus.', 3, 0, 1, '2022-11-14 15:17:46', '2022-11-14 15:41:57'),
(69, 'Recusandae quo in.', 'Sit at unde et qui. Eum modi magni non saepe et eaque sed. Fugiat ut ullam voluptatibus modi.', 34, 0, 1, '2022-11-14 15:17:46', '2022-11-14 15:41:57'),
(70, 'Dolorem incidunt.', 'Incidunt maiores beatae atque iusto sunt. Voluptates dolores eum dolores mollitia. Nihil iure inventore quae quos.', 25, 0, 1, '2022-11-14 15:17:46', '2022-11-14 15:41:57'),
(71, 'Aliquam perferendis.', 'Id quos quia minima veritatis quidem suscipit dolor. Ut rerum voluptatum totam delectus architecto vitae et. Possimus et sit quasi. Illum tenetur corrupti ut adipisci sunt libero doloribus.', 23, 0, 1, '2022-11-14 15:17:46', '2022-11-14 15:41:57'),
(72, 'Velit laboriosam.', 'Quia et omnis labore earum ad quo. Quae vero nesciunt beatae et corrupti dolorem.', 45, 0, 1, '2022-11-14 15:17:46', '2022-11-14 15:41:57'),
(73, 'Sit vel facilis.', 'Architecto molestias quo autem repellendus aut quasi. Aut sit a et possimus fugiat illo debitis. Ducimus qui qui culpa cumque dolores quis voluptatem.', 49, 0, 1, '2022-11-14 15:17:46', '2022-11-14 15:41:57'),
(74, 'Magnam ad vero.', 'Tempora beatae alias quia consectetur. Voluptatum assumenda earum consectetur. Quo et blanditiis sunt et. Voluptatem voluptas illo maiores asperiores eos et sed dolores.', 44, 0, 1, '2022-11-14 15:17:46', '2022-11-14 15:41:57'),
(75, 'Voluptate rem et.', 'Et minima et pariatur qui. Quis nihil beatae quasi. Voluptatem reiciendis quasi saepe reiciendis.', 35, 0, 1, '2022-11-14 15:17:46', '2022-11-14 15:41:57'),
(76, 'Harum quia eligendi.', 'Ad quasi temporibus et rerum aut consequuntur inventore. Molestias minima libero culpa consectetur tempore molestias. Officiis aut quos ipsum accusamus quaerat.', 38, 0, 1, '2022-11-14 15:17:46', '2022-11-14 15:41:57'),
(77, 'Eos non ea libero.', 'Architecto magnam ad cumque molestias quaerat voluptates. Quis molestiae nulla assumenda numquam doloribus ad qui.', 12, 0, 1, '2022-11-14 15:17:46', '2022-11-14 15:41:57'),
(78, 'Ratione ut corrupti.', 'Adipisci qui tempora explicabo. Eum et enim libero quidem consequuntur laborum quam. Maiores ea enim sunt labore odit voluptatem.', 9, 0, 1, '2022-11-14 15:17:46', '2022-11-14 15:41:57'),
(79, 'Odio provident.', 'Vel optio quia atque adipisci. Officiis eius aliquid dolorem non sed veniam. Recusandae sapiente in quos.', 44, 0, 1, '2022-11-14 15:17:46', '2022-11-14 15:41:57'),
(80, 'Minus qui.', 'Nihil neque qui voluptatem perferendis. Vero a laboriosam ex quod optio sit magni. Quo incidunt minima molestiae sunt inventore.', 48, 0, 1, '2022-11-14 15:17:46', '2022-11-14 15:41:57'),
(81, 'Voluptatibus.', 'Et doloremque quasi vero labore iusto aut. Quos velit maxime soluta eius maxime cum dolor. Tempora culpa ad nobis non repellendus veniam dolores. Occaecati quia est recusandae.', 31, 0, 1, '2022-11-14 15:17:46', '2022-11-14 15:41:57'),
(82, 'Quo sapiente neque.', 'Ut modi laborum enim vero earum. Inventore dignissimos quae ut tenetur quo. Dolore voluptatibus sit officia et rerum ut.', 27, 0, 1, '2022-11-14 15:17:46', '2022-11-14 15:41:57'),
(83, 'Quaerat et.', 'Sint quasi provident similique est. Fugiat quos quis cupiditate cum est debitis nisi.', 3, 0, 1, '2022-11-14 15:17:46', '2022-11-14 15:41:57'),
(84, 'Non voluptates ad.', 'Id non totam ut. Quia vel earum recusandae modi qui. Enim dicta quis itaque voluptates minus cum nostrum nisi.', 1, 0, 1, '2022-11-14 15:17:46', '2022-11-14 15:41:57'),
(85, 'Consequatur qui.', 'Excepturi adipisci ipsa dolor non quae tempore mollitia. Ex sit sed ea dolores aut. Velit quos sint dolorem. Laborum minus recusandae molestiae eos dicta.', 47, 0, 1, '2022-11-14 15:17:46', '2022-11-14 15:41:57'),
(86, 'Molestiae quidem.', 'Quis iste quod est quam omnis. Sunt aliquam eius labore ullam. Magnam placeat autem exercitationem eum. Est hic ut sunt expedita ut nesciunt dolores.', 13, 0, 0, '2022-11-14 15:17:46', '2022-11-14 15:41:57'),
(87, 'Sed architecto.', 'Repudiandae saepe ducimus ut eaque molestiae neque. Et ad provident quia quasi sunt placeat ut. Nisi aliquam voluptatem exercitationem debitis ut quibusdam.', 15, 0, 1, '2022-11-14 15:17:46', '2022-11-14 15:41:57'),
(88, 'Et nobis eos cum et.', 'Optio perspiciatis nihil libero ut suscipit deleniti enim. Consequatur quaerat voluptatem provident in. Blanditiis amet assumenda rerum nobis ea atque sint. Id quasi ipsam voluptatem aut.', 25, 0, 0, '2022-11-14 15:17:46', '2022-11-14 15:41:57'),
(89, 'Perferendis.', 'Maxime debitis blanditiis consequatur culpa magnam nostrum harum. Aspernatur enim neque itaque eum ab in sed. Enim assumenda facilis minima aperiam.', 34, 0, 1, '2022-11-14 15:17:46', '2022-11-14 15:41:57'),
(90, 'Sit alias.', 'Esse sed consequuntur dignissimos. Reprehenderit natus sed aut officia in unde natus.', 49, 0, 1, '2022-11-14 15:17:46', '2022-11-14 15:41:57'),
(91, 'Quisquam nihil quod.', 'Facilis dolores dolor commodi nemo. Ut dolores rem consequatur. Dignissimos minima odit ipsum consequuntur est. Cumque porro consequuntur magni dicta et consequuntur.', 6, 0, 1, '2022-11-14 15:17:46', '2022-11-14 15:41:57'),
(92, 'Temporibus ducimus.', 'Iste impedit corrupti laborum qui et molestiae quasi. Et ea ad non sequi expedita. Id facilis ut eveniet esse.', 39, 0, 1, '2022-11-14 15:17:46', '2022-11-14 15:41:57'),
(93, 'Possimus asperiores.', 'Laboriosam necessitatibus deserunt hic nam tempore vel dolorum accusamus. Facere quos porro dolorem in culpa temporibus. Nobis quae qui in et distinctio consequatur aut.', 17, 0, 1, '2022-11-14 15:17:46', '2022-11-14 15:41:57'),
(94, 'Et culpa numquam.', 'Et ut optio enim. Odit velit culpa fuga natus eaque ex sed. Voluptatum ipsum quae ipsa enim incidunt amet.', 22, 0, 1, '2022-11-14 15:17:46', '2022-11-14 15:41:57'),
(95, 'Ut et eligendi.', 'Necessitatibus dolores sed eaque quis aut esse. Nulla et et accusantium enim perferendis et quisquam. Hic numquam laudantium placeat rerum ipsa ut illum. Assumenda ut neque distinctio eos sint rerum.', 15, 0, 1, '2022-11-14 15:17:46', '2022-11-14 15:41:57'),
(96, 'Qui beatae placeat.', 'Omnis nobis enim doloremque repellendus. Labore ut porro incidunt temporibus. At similique molestias rem sit. Cupiditate aut voluptatibus fugiat eius.', 41, 0, 1, '2022-11-14 15:17:46', '2022-11-14 15:41:57'),
(97, 'Sint sint ut et.', 'Voluptate nemo rerum ea et qui facere sit aspernatur. Repellendus sint est adipisci reiciendis debitis adipisci provident. Provident dolor debitis explicabo deserunt.', 19, 0, 1, '2022-11-14 15:17:46', '2022-11-14 15:41:57'),
(98, 'Corporis numquam.', 'Repellat doloribus rem sunt voluptas sit provident ea. Eum perspiciatis vel rerum. Minus sed at quisquam quia molestiae omnis praesentium.', 8, 0, 1, '2022-11-14 15:17:46', '2022-11-14 15:41:57'),
(99, 'Molestias molestiae.', 'Ex inventore et quia doloremque eum laborum non. Pariatur qui optio cum facilis illum doloribus sed. Voluptatem beatae earum quam tempore.', 27, 0, 1, '2022-11-14 15:17:46', '2022-11-14 15:41:57'),
(100, 'Maxime quia.', 'Nihil non esse molestias ipsum distinctio ut. Sit excepturi est corporis perferendis est. Suscipit voluptatem est recusandae vel qui. Voluptate consequatur aliquam tenetur a quia.', 50, 0, 1, '2022-11-14 15:17:46', '2022-11-14 15:41:57');

-- --------------------------------------------------------

--
-- Structure de la table `atelier1__image`
--

CREATE TABLE `atelier1__image` (
  `id` int(11) NOT NULL,
  `title` varchar(256) NOT NULL,
  `author` int(11) NOT NULL,
  `description` varchar(256) DEFAULT NULL,
  `gallery_id` int(11) NOT NULL,
  `created_at` timestamp NOT NULL DEFAULT CURRENT_TIMESTAMP ON UPDATE CURRENT_TIMESTAMP,
  `updated_at` timestamp NOT NULL DEFAULT '0000-00-00 00:00:00',
  `altitude` int(11) DEFAULT NULL,
  `longitude` int(11) DEFAULT NULL,
  `latitude` int(11) DEFAULT NULL,
  `photo_date` timestamp NULL DEFAULT NULL
) ENGINE=InnoDB DEFAULT CHARSET=latin1;

--
-- Déchargement des données de la table `atelier1__image`
--

INSERT INTO `atelier1__image` (`id`, `title`, `author`, `description`, `gallery_id`, `created_at`, `updated_at`, `altitude`, `longitude`, `latitude`, `photo_date`) VALUES
(1, 'Sint possimus dolor.', 46, 'Sunt quia nesciunt placeat sed accusamus. Optio et ut eum impedit. Necessitatibus ut nisi ipsum laborum doloremque eveniet.', 23, '2022-11-14 15:23:54', '2022-11-14 15:23:54', 87, -163, -50, '1983-02-09 00:19:47'),
(2, 'Ex facilis ipsa.', 35, 'Sed at consequuntur animi et. Labore incidunt alias commodi maiores ipsa et animi.', 1, '2022-11-14 15:23:54', '2022-11-14 15:23:54', 29, 3, 90, '1987-09-15 06:24:44'),
(3, 'Nisi assumenda non.', 10, 'Earum aut voluptas ex reiciendis sint. Qui accusantium praesentium quos sunt velit.', 75, '2022-11-14 15:23:54', '2022-11-14 15:23:54', 66, -158, 32, '2001-10-18 19:22:32'),
(4, 'Quam voluptatem.', 11, 'Reprehenderit accusantium est doloribus quidem. Sed cum placeat rerum dolore non. Ratione ipsam quo ipsam aut. Vitae eius a beatae vero maiores eos atque.', 11, '2022-11-14 15:23:54', '2022-11-14 15:23:54', 86, 137, -63, '2000-02-27 16:41:05'),
(5, 'Saepe voluptatem.', 28, 'Voluptatem non nostrum nihil sed adipisci qui. Sunt porro placeat sed aperiam explicabo. Esse doloremque id nemo reprehenderit voluptatem.', 18, '2022-11-14 15:23:54', '2022-11-14 15:23:54', 79, 46, -44, '1981-11-28 16:42:00'),
(6, 'Sapiente aut rem.', 48, 'Error laudantium ipsa soluta expedita doloribus autem. Dolore rerum rerum accusantium atque quis earum. Aspernatur maiores vitae eligendi.', 25, '2022-11-14 15:23:54', '2022-11-14 15:23:54', 35, 148, -83, '2020-03-05 12:30:28'),
(7, 'Quod accusamus.', 39, 'Autem veritatis quos aut corporis dolor soluta temporibus. Quis sed et harum dignissimos corporis. Optio quia optio quaerat omnis ut et saepe.', 2, '2022-11-14 15:23:54', '2022-11-14 15:23:54', 22, 28, 46, '1998-03-17 18:32:19'),
(8, 'Corrupti et itaque.', 17, 'Omnis repellendus eum rerum sit ut quis. Aut vel ut neque alias tempore. Sit dolor debitis quo sed aut cumque ut.', 12, '2022-11-14 15:23:54', '2022-11-14 15:23:54', 60, -55, -47, '2018-11-05 19:10:15'),
(9, 'Voluptatum modi eos.', 43, 'Ab omnis in perspiciatis delectus. Illum iste perferendis dicta vitae. Autem distinctio architecto aliquid aperiam. Ut ea enim vero nesciunt. Corrupti impedit sed eos culpa nemo.', 25, '2022-11-14 15:23:54', '2022-11-14 15:23:54', 39, 128, -34, '1993-04-13 01:47:38'),
(10, 'Aut est aliquam.', 17, 'Facilis recusandae numquam at est. Doloribus provident sunt in ipsam distinctio aut nostrum consequatur. Laboriosam saepe mollitia ut mollitia sit. Deleniti ut rerum est aliquam.', 74, '2022-11-14 15:23:54', '2022-11-14 15:23:54', 60, -35, -73, '2010-05-16 00:13:47'),
(11, 'Eum qui saepe ullam.', 23, 'At laborum dolor dolorum sapiente. Et vero impedit saepe debitis repellendus voluptatibus. Voluptates vero fuga molestiae qui.', 71, '2022-11-14 15:23:54', '2022-11-14 15:23:54', 68, 88, -42, '2004-12-15 17:40:30'),
(12, 'Voluptas pariatur.', 32, 'Qui at aut sit non. Enim omnis nobis nobis odio. Dolor officiis molestiae eaque. Quam quia ut in adipisci fugiat.', 39, '2022-11-14 15:23:54', '2022-11-14 15:23:54', 94, -28, -13, '2012-09-14 11:46:18'),
(13, 'Velit porro ipsa et.', 15, 'Aperiam ut aspernatur fugiat molestiae suscipit perferendis. Et ut enim et molestiae. Accusamus mollitia autem deleniti quisquam quae aliquam. Autem eaque ea natus.', 41, '2022-11-14 15:23:54', '2022-11-14 15:23:54', 26, 64, 26, '1994-11-25 12:02:46'),
(14, 'Enim expedita ut.', 15, 'Quia mollitia consectetur doloribus quae. Quos totam autem suscipit temporibus dolor ut quia.', 22, '2022-11-14 15:23:54', '2022-11-14 15:23:54', 100, -106, 11, '1989-07-15 00:39:41'),
(15, 'Atque animi velit.', 34, 'Odit nostrum ipsam esse. Praesentium sunt esse ea architecto officiis. Quo eius voluptas illum tempore.', 11, '2022-11-14 15:23:54', '2022-11-14 15:23:54', 29, 118, -65, '1994-03-31 02:10:08'),
(16, 'Maiores nisi.', 14, 'Dolore quia ratione nam odio. Suscipit est voluptatem eum vitae nostrum veniam quia. Id cumque ipsum quia fugiat doloremque culpa id quia.', 30, '2022-11-14 15:23:54', '2022-11-14 15:23:54', 43, -147, -14, '1998-10-23 20:32:12'),
(17, 'Sint porro eligendi.', 30, 'Quibusdam ad quia doloribus eveniet ipsa consequatur cum. Expedita autem est qui. Iste aut et accusantium tempore. Nihil vero explicabo error eum unde hic.', 31, '2022-11-14 15:23:54', '2022-11-14 15:23:54', 40, 35, -62, '1979-09-16 03:30:35'),
(18, 'Vitae dolorum.', 24, 'Ratione sint consequuntur rerum quis ullam quia ex. Non vitae ullam maxime quod consequatur.', 97, '2022-11-14 15:23:54', '2022-11-14 15:23:54', 100, 174, 24, '2008-08-15 15:08:07'),
(19, 'Est ea dolorem qui.', 30, 'Minima neque adipisci eius tenetur voluptatum ad. Rerum ut hic nisi sunt possimus sint. Laudantium maxime qui aut aut sint unde. Et sapiente veniam natus ullam.', 3, '2022-11-14 15:23:54', '2022-11-14 15:23:54', 44, 50, 44, '1989-02-01 19:47:59'),
(20, 'Corporis hic rerum.', 37, 'Necessitatibus enim non sed aut delectus ut et. Voluptate perferendis omnis vel labore dolorem praesentium sapiente. Ratione magni et magnam est.', 61, '2022-11-14 15:23:54', '2022-11-14 15:23:54', 66, 4, -73, '1985-06-13 00:01:11'),
(21, 'Incidunt ut quasi.', 21, 'Vel et fuga nihil illo. Qui facere doloremque consequatur. Dolorem et sapiente et aliquid omnis unde sit quia. Autem rem aperiam doloremque iusto cumque sed.', 7, '2022-11-14 15:23:54', '2022-11-14 15:23:54', 54, -7, -37, '2022-01-17 22:29:45'),
(22, 'Rerum.', 37, 'Dolorem quibusdam non deleniti harum exercitationem laboriosam architecto sed. Recusandae qui modi quia repudiandae qui eius. Nam ea a dolorum enim fugiat.', 81, '2022-11-14 15:23:54', '2022-11-14 15:23:54', 65, 131, -9, '2011-03-29 02:05:17'),
(23, 'Corporis iure.', 6, 'Ducimus quam vitae veritatis eum aut ut. Est eius similique eaque qui nulla voluptas. Sunt aut aut et blanditiis.', 61, '2022-11-14 15:23:54', '2022-11-14 15:23:54', 36, 39, 54, '1980-06-15 08:36:52'),
(24, 'Voluptatum nostrum.', 32, 'Qui omnis possimus porro. Unde facere officiis quo. Minus quis consequatur facere vel eaque repellendus.', 32, '2022-11-14 15:23:54', '2022-11-14 15:23:54', 29, -86, 56, '1990-11-17 00:50:37'),
(25, 'Repudiandae et.', 3, 'Dignissimos expedita architecto voluptatem. Error aspernatur impedit sed velit.', 97, '2022-11-14 15:23:54', '2022-11-14 15:23:54', 39, -143, 74, '2002-02-20 18:48:38'),
(26, 'Quod qui sint quam.', 25, 'Doloremque dolorem odit veniam omnis aspernatur voluptatem. Et nobis vitae ipsa aspernatur aut nobis. Reiciendis vel minima incidunt possimus dolorem.', 38, '2022-11-14 15:23:54', '2022-11-14 15:23:54', 56, -36, 4, '1997-07-03 23:56:36'),
(27, 'Earum ut eum.', 39, 'Quia fuga ex consequatur itaque magnam. Consequuntur nemo vel minus saepe quia dolorem iusto. Accusamus ut officiis velit debitis. Delectus non consequuntur omnis blanditiis aspernatur qui.', 71, '2022-11-14 15:23:54', '2022-11-14 15:23:54', 46, 17, 28, '1972-08-29 05:48:57'),
(28, 'Pariatur vero saepe.', 32, 'Occaecati tempore id quisquam dolores non. Non qui necessitatibus ea fuga et in. Rem et in eos laboriosam sint. Commodi eius rerum commodi inventore.', 47, '2022-11-14 15:23:54', '2022-11-14 15:23:54', 84, -56, -51, '2021-02-23 04:45:28'),
(29, 'Necessitatibus.', 30, 'Amet impedit nostrum qui quo eum vero quaerat ducimus. Ut doloremque ratione corporis aut ab quis. Molestias non ratione et totam rem facere nesciunt. Libero ea perferendis deserunt iste ipsum quasi.', 85, '2022-11-14 15:23:54', '2022-11-14 15:23:54', 42, -8, 8, '2008-06-29 15:48:23'),
(30, 'Amet adipisci.', 20, 'Qui laboriosam cum soluta provident quas. Ipsa tempore eum quas aut. Modi delectus ut inventore blanditiis laborum quidem rerum. Neque eaque voluptas labore rerum aut.', 30, '2022-11-14 15:23:54', '2022-11-14 15:23:54', 43, 101, 9, '2010-08-10 22:22:11'),
(31, 'Deserunt qui.', 13, 'Et voluptatem repudiandae sint vero. Ipsa exercitationem dicta rem quidem repellendus facere. Laudantium molestiae officiis repellendus autem in quis.', 100, '2022-11-14 15:23:54', '2022-11-14 15:23:54', 35, -53, 64, '2016-01-25 04:46:51'),
(32, 'Qui ullam.', 16, 'Laudantium sit beatae possimus ut ullam quos. Quaerat nostrum et voluptatem minima quis et. Sint ut debitis voluptas explicabo expedita neque non.', 97, '2022-11-14 15:23:54', '2022-11-14 15:23:54', 50, -50, -30, '2014-12-08 21:11:40'),
(33, 'Quaerat molestias.', 31, 'Totam aut aperiam ab id delectus eius saepe veritatis. Minus voluptatem id asperiores iusto. Consectetur rerum itaque deserunt deleniti et animi.', 41, '2022-11-14 15:23:54', '2022-11-14 15:23:54', 43, 66, -16, '2009-03-13 20:49:52'),
(34, 'Dolore porro.', 34, 'Natus vel ut iure quis suscipit. Quam eaque ut rerum accusamus vel et. Dolor qui inventore labore eos nam totam unde deleniti. Aut recusandae voluptas iste et.', 32, '2022-11-14 15:23:54', '2022-11-14 15:23:54', 96, 83, -58, '1997-11-12 20:39:16'),
(35, 'Similique placeat.', 48, 'Error eos repellat maiores aperiam. Laudantium quo ducimus non perspiciatis quia est. Alias nihil aut ex est quia sapiente vero. Alias dolorum porro ducimus nihil.', 62, '2022-11-14 15:23:54', '2022-11-14 15:23:54', 80, -37, -16, '2014-10-29 17:56:07'),
(36, 'Sit ut voluptatem.', 4, 'Et in totam consequatur veritatis ea qui ut. Omnis cumque quo et consequuntur.', 1, '2022-11-14 15:23:54', '2022-11-14 15:23:54', 20, 114, -53, '1994-05-19 22:43:21'),
(37, 'Quo exercitationem.', 12, 'Et tenetur possimus est eos occaecati recusandae sit. Veniam occaecati aspernatur quas iure. Quaerat quam sit debitis dolores corrupti et consectetur.', 79, '2022-11-14 15:23:54', '2022-11-14 15:23:54', 33, -68, 85, '2013-04-04 00:05:53'),
(38, 'Esse iure enim aut.', 7, 'Ducimus eum quaerat nulla iusto exercitationem sit. Dolorem magni magnam et placeat est fugit. Tenetur dicta atque modi quis minus.', 54, '2022-11-14 15:23:54', '2022-11-14 15:23:54', 53, -135, 31, '1990-02-06 10:13:21'),
(39, 'Cumque qui.', 4, 'Aut nemo aut consequatur magni magni qui fugit. Necessitatibus quis non earum perferendis minima qui sunt eveniet. Qui dignissimos in debitis voluptatem autem.', 14, '2022-11-14 15:23:54', '2022-11-14 15:23:54', 79, -116, -16, '1974-07-22 02:17:55'),
(40, 'Fuga facere rerum.', 46, 'Dolorem est et cupiditate cumque harum. Qui velit corporis voluptatem enim dolorem nam.', 24, '2022-11-14 15:23:54', '2022-11-14 15:23:54', 52, -88, 30, '1971-05-03 01:05:17'),
(41, 'Sed magni quos aut.', 4, 'Officiis praesentium amet sit qui sit voluptas. Aut qui nihil voluptas ducimus. Impedit unde excepturi assumenda voluptas cupiditate in nostrum tempora. Tempora esse voluptas voluptate.', 76, '2022-11-14 15:23:54', '2022-11-14 15:23:54', 52, 65, 43, '1990-03-15 11:09:54'),
(42, 'Eius harum in ex.', 47, 'Aut minima porro vero sit eligendi qui est consequuntur. Cumque et nam architecto laudantium labore. Quae qui quis ea sint qui. Inventore ab dolorem eaque distinctio unde.', 21, '2022-11-14 15:23:54', '2022-11-14 15:23:54', 72, -137, 19, '1995-09-13 05:45:15'),
(43, 'Non distinctio nisi.', 3, 'Adipisci ratione sed quia accusantium distinctio dolore totam odit. Ipsum consectetur qui asperiores ea eaque omnis. Accusamus esse vel vero eos qui amet et.', 29, '2022-11-14 15:23:54', '2022-11-14 15:23:54', 55, -17, -73, '2009-08-15 07:04:09'),
(44, 'Quis qui et libero.', 41, 'Ad et rerum corrupti temporibus sunt sequi aut. Illo qui quia et maxime. Et sed ullam accusantium voluptates autem ut tempora.', 92, '2022-11-14 15:23:54', '2022-11-14 15:23:54', 27, 137, 22, '2019-06-11 14:05:17'),
(45, 'Possimus aliquam.', 8, 'Rerum facilis inventore maxime temporibus velit. Ab quos quaerat cupiditate autem porro aut. Non ratione nam in adipisci tempora. Tempore molestiae maiores molestiae nam totam non ut quia.', 33, '2022-11-14 15:23:54', '2022-11-14 15:23:54', 62, 106, 26, '2006-09-24 12:57:03'),
(46, 'Soluta voluptatem.', 4, 'Eos quasi aut aperiam velit nisi in amet. Suscipit est sit iste a esse. Qui nulla porro voluptatem enim. Ut ipsa ex quasi nesciunt. Ut sunt id voluptates.', 47, '2022-11-14 15:23:54', '2022-11-14 15:23:54', 60, 97, 20, '1970-09-26 18:11:45'),
(47, 'Sed voluptas.', 49, 'Veniam non quibusdam nihil modi distinctio. Magnam quae labore quam pariatur libero. Voluptatem et molestias illo labore qui. Amet dolorem aut dignissimos velit.', 64, '2022-11-14 15:23:54', '2022-11-14 15:23:54', 27, 57, -67, '1991-11-20 12:29:52'),
(48, 'Dolores consequatur.', 12, 'Voluptas laudantium itaque non quo et nobis qui voluptatibus. Mollitia consequatur animi omnis. Molestiae maxime voluptas culpa ad provident asperiores. Nisi dolorum et est ratione.', 68, '2022-11-14 15:23:54', '2022-11-14 15:23:54', 20, 66, 88, '1976-11-08 23:26:02'),
(49, 'Officia provident.', 25, 'Perferendis exercitationem molestias error omnis explicabo quia dolor cumque. Deserunt nisi dolores laboriosam sint omnis ut cupiditate quo.', 11, '2022-11-14 15:23:54', '2022-11-14 15:23:54', 29, 21, -78, '2007-07-10 23:00:11'),
(50, 'Eaque quis eum.', 24, 'Voluptatem at quo eaque. Nisi praesentium at veritatis qui. Qui dolores a neque eum.', 87, '2022-11-14 15:23:54', '2022-11-14 15:23:54', 35, -89, 73, '2005-01-30 04:14:20'),
(51, 'Dicta qui eligendi.', 17, 'Rem est rerum incidunt illum eum. Odit dolorem quam et molestiae.', 44, '2022-11-14 15:23:54', '2022-11-14 15:23:54', 44, -44, 15, '2009-08-15 01:29:31'),
(52, 'Aliquam atque.', 22, 'Repudiandae expedita sunt fugiat voluptatem aut. Distinctio quaerat non error temporibus iste cum hic. Aut pariatur molestiae provident illum et. Consequuntur est nesciunt et aut quia ipsam.', 23, '2022-11-14 15:23:54', '2022-11-14 15:23:54', 69, -96, -88, '2010-05-06 08:32:58'),
(53, 'Dolorum excepturi.', 13, 'Est magnam minus quia accusamus dolores inventore incidunt dolorem. A sit qui quo distinctio. Occaecati doloribus quo eos voluptas est laboriosam sit aliquam.', 15, '2022-11-14 15:23:54', '2022-11-14 15:23:54', 57, -168, -48, '1977-07-07 01:53:58'),
(54, 'Similique explicabo.', 8, 'Atque laboriosam qui quaerat quia blanditiis laboriosam. Repellat et odio vero quis deserunt. Aut autem consequatur facere.', 66, '2022-11-14 15:23:54', '2022-11-14 15:23:54', 40, -104, -11, '2009-07-25 17:52:25'),
(55, 'Quia quod dicta.', 4, 'Nihil et odit quis est repellendus temporibus et. Ab earum est commodi aut. Ipsam sed ut aspernatur illum est enim.', 42, '2022-11-14 15:23:54', '2022-11-14 15:23:54', 93, 153, 17, '1980-04-26 05:20:11'),
(56, 'Praesentium.', 17, 'Illum qui quia consequuntur quasi. Rem non sunt nobis sequi culpa aut. Laudantium veritatis voluptatibus consequatur quae explicabo distinctio. Hic eius ipsa quos deserunt facere animi et.', 54, '2022-11-14 15:23:54', '2022-11-14 15:23:54', 55, 174, -8, '1988-12-18 09:05:40'),
(57, 'Quis non rem est et.', 45, 'Quia sit nesciunt culpa sequi iste ipsam. Accusamus enim placeat aut. Reiciendis libero voluptatem sed. Est autem ut porro doloremque qui sed.', 66, '2022-11-14 15:23:54', '2022-11-14 15:23:54', 71, -123, 81, '1992-12-12 16:09:48'),
(58, 'Suscipit qui.', 43, 'Eaque et molestias dolor rerum omnis ipsa quia cumque. Aut in provident autem consequatur. Hic consequatur molestias harum et asperiores eos eum. Eos eum quas fugit et similique est totam.', 60, '2022-11-14 15:23:54', '2022-11-14 15:23:54', 72, 102, -16, '1975-10-07 07:26:16'),
(59, 'Voluptatibus quasi.', 32, 'Suscipit illo veniam enim sed. Similique sequi ut a harum quam nihil rem amet. Aut sit error quae quaerat repudiandae illo.', 42, '2022-11-14 15:23:54', '2022-11-14 15:23:54', 24, -38, 71, '1993-12-12 17:01:53'),
(60, 'Enim omnis aut id.', 9, 'Porro voluptates sapiente ut. Id nulla quasi beatae doloremque commodi. Placeat numquam sequi autem quibusdam. Quia odio totam sint eum.', 16, '2022-11-14 15:23:54', '2022-11-14 15:23:54', 82, 94, 38, '1984-10-25 13:57:07'),
(61, 'Dolores sed qui.', 11, 'Enim sit ex itaque architecto. Rerum et nihil et non expedita reiciendis quam. Molestias dolorem sed aut et dolorem consequatur.', 98, '2022-11-14 15:23:54', '2022-11-14 15:23:54', 56, -106, 65, '1986-07-07 23:29:23'),
(62, 'Asperiores et aut.', 8, 'Facere quos nihil laborum totam ut. Laudantium maxime molestiae sit aut vel. Hic debitis facere et dicta nemo eos sunt.', 87, '2022-11-14 15:23:54', '2022-11-14 15:23:54', 46, 79, -8, '1981-10-17 23:25:00'),
(63, 'Et est ratione.', 10, 'Esse nisi dolorem earum iste nulla quasi id. Ea laborum quo delectus facilis velit esse. Fuga porro aliquam voluptatem qui id quis aut. Inventore et assumenda vel sed consequatur.', 90, '2022-11-14 15:23:54', '2022-11-14 15:23:54', 68, -151, -51, '2020-03-13 08:13:55'),
(64, 'Error tempore.', 23, 'Culpa quod maxime delectus velit explicabo repellendus rerum. Voluptatem odio illo autem nesciunt provident sit. Voluptatem iure earum debitis voluptatibus distinctio perferendis.', 7, '2022-11-14 15:23:54', '2022-11-14 15:23:54', 22, 28, -32, '1993-05-03 02:32:03'),
(65, 'Quia consequatur.', 43, 'Dicta qui accusamus cupiditate ut voluptatem nihil enim ullam. Delectus et ut qui officiis. Quia similique ipsam qui incidunt sunt et officiis. Quae et eum et nihil.', 99, '2022-11-14 15:23:54', '2022-11-14 15:23:54', 77, 101, -28, '1973-02-18 10:04:02'),
(66, 'Earum neque neque.', 3, 'Rerum et minima eligendi harum consequatur expedita optio. Occaecati minus est autem.', 3, '2022-11-14 15:23:54', '2022-11-14 15:23:54', 93, -163, 64, '2011-03-31 16:35:11'),
(67, 'Nam dolor ratione.', 47, 'Vero sed pariatur exercitationem. Nulla odio doloribus impedit adipisci.', 4, '2022-11-14 15:23:54', '2022-11-14 15:23:54', 57, -142, -54, '1976-06-23 17:51:02'),
(68, 'Aliquam fuga ipsam.', 37, 'Aut veritatis placeat odio sunt esse enim consequuntur. Voluptas ad ad iste quia. Deleniti est vitae est assumenda explicabo.', 99, '2022-11-14 15:23:54', '2022-11-14 15:23:54', 28, 169, -58, '1994-07-11 03:28:34'),
(69, 'Quae nihil.', 36, 'Praesentium dolorem qui totam. Doloremque ea dolorum quia nisi ullam mollitia. Quidem sunt voluptatibus atque rerum ipsum est a ullam.', 68, '2022-11-14 15:23:54', '2022-11-14 15:23:54', 53, -166, -58, '1995-12-30 19:58:40'),
(70, 'In illum harum quia.', 1, 'Corporis dolorem illum necessitatibus. Vel quia voluptate dolore fugiat omnis. Eaque tempora et quia soluta sapiente non.', 96, '2022-11-14 15:23:54', '2022-11-14 15:23:54', 23, 58, -56, '1982-07-12 20:26:05'),
(71, 'Occaecati mollitia.', 36, 'Eligendi iste saepe omnis est maiores mollitia. Illum rerum maxime eligendi nulla et voluptate. Esse ad molestiae reprehenderit corrupti animi.', 85, '2022-11-14 15:23:54', '2022-11-14 15:23:54', 94, 114, 25, '1993-09-20 12:27:36'),
(72, 'Eaque natus ullam.', 37, 'Sed occaecati commodi atque voluptatem earum. Doloremque dolorum earum voluptatem recusandae vitae et. Ducimus repudiandae natus mollitia aliquam.', 11, '2022-11-14 15:23:54', '2022-11-14 15:23:54', 66, -75, -55, '1999-08-06 15:06:43'),
(73, 'Nam voluptas non ut.', 50, 'Harum laboriosam illo illum enim perferendis quibusdam omnis repellat. Velit quisquam est nisi doloribus eum et.', 50, '2022-11-14 15:23:54', '2022-11-14 15:23:54', 57, 68, -83, '1995-01-02 10:40:09'),
(74, 'Non quia est velit.', 25, 'Qui est reprehenderit laborum dolores explicabo. Molestias autem veritatis voluptas eius nulla. Nihil est dolor autem et. Veritatis fugiat occaecati maiores quos rerum doloribus fugiat libero.', 49, '2022-11-14 15:23:54', '2022-11-14 15:23:54', 87, 111, 73, '1997-09-12 08:38:06'),
(75, 'Voluptatem et eum.', 23, 'Ut maiores animi ullam sunt doloremque totam dolorem libero. Est eum qui dolor est laborum cum incidunt. Praesentium qui est nihil tempora repellendus.', 91, '2022-11-14 15:23:54', '2022-11-14 15:23:54', 70, 33, 25, '2011-12-20 20:52:49'),
(76, 'Omnis sint.', 3, 'Sint a aut officia nostrum. Ut eum est aut dicta est corporis.', 89, '2022-11-14 15:23:54', '2022-11-14 15:23:54', 41, -96, -5, '2004-10-31 02:39:08'),
(77, 'Cumque molestiae.', 33, 'Sapiente maxime voluptate ut sunt hic odio. Molestias laudantium quia esse numquam. Nostrum et ullam nesciunt accusantium. Ducimus ut sunt sed totam reiciendis.', 97, '2022-11-14 15:23:54', '2022-11-14 15:23:54', 80, 130, -1, '1989-12-26 06:32:57'),
(78, 'Cumque suscipit.', 35, 'Sapiente ut velit cumque. At rem illum quibusdam corrupti dolor quam qui.', 9, '2022-11-14 15:23:54', '2022-11-14 15:23:54', 72, 14, -53, '1979-08-29 00:41:04'),
(79, 'Fuga natus.', 4, 'Deserunt neque sunt deserunt. Ea quidem quod illo. Exercitationem libero iusto porro et fuga molestiae. Porro nisi ad accusantium harum itaque error optio. Optio excepturi magni sit vel ut aliquam.', 32, '2022-11-14 15:23:54', '2022-11-14 15:23:54', 37, -17, -4, '2014-08-04 06:04:58'),
(80, 'Reprehenderit.', 39, 'Sit odit molestiae accusantium. Error nostrum ad aut sint earum. Enim nulla natus sit distinctio. Quia corrupti velit esse eius.', 45, '2022-11-14 15:23:54', '2022-11-14 15:23:54', 70, -11, -29, '2015-11-24 17:14:57'),
(81, 'Iure ullam maxime.', 36, 'Et officiis quisquam soluta et. Commodi consectetur praesentium consectetur libero est.', 47, '2022-11-14 15:23:54', '2022-11-14 15:23:54', 43, -11, 27, '2019-11-02 18:05:14'),
(82, 'Temporibus deleniti.', 24, 'Quia eum autem quod et est. Delectus vitae nesciunt similique ducimus. Quod veritatis nulla repellendus iste ipsam omnis. Omnis maiores alias consequuntur labore minima.', 89, '2022-11-14 15:23:54', '2022-11-14 15:23:54', 98, 178, 38, '2018-02-22 17:16:56'),
(83, 'Et fugit aliquid et.', 19, 'Voluptas perspiciatis omnis vel. Omnis ut repudiandae cupiditate deleniti eum nisi. Asperiores non quod dolor iure odit maiores. Optio suscipit ut quidem perspiciatis provident.', 15, '2022-11-14 15:23:54', '2022-11-14 15:23:54', 68, -38, -54, '1977-02-18 01:37:02'),
(84, 'Explicabo.', 46, 'Aperiam ut officia voluptas ratione. Ducimus vel nihil eaque aperiam est aut. Quibusdam itaque quod delectus non et.', 66, '2022-11-14 15:23:54', '2022-11-14 15:23:54', 26, -160, -23, '1970-02-02 01:11:09'),
(85, 'Adipisci ratione.', 23, 'Laboriosam est quibusdam aut est. Nostrum quod esse voluptatum et. Ab delectus error nostrum sed. Quaerat ut quis molestias dolorem et delectus nobis.', 69, '2022-11-14 15:23:54', '2022-11-14 15:23:54', 30, 19, 86, '2018-08-16 09:10:33'),
(86, 'Aut voluptate sunt.', 9, 'Praesentium deserunt possimus officiis alias ullam voluptatem. Ea aliquam nihil veniam aspernatur. Blanditiis possimus fugit vitae. Vero modi quia dolorum autem minima.', 94, '2022-11-14 15:23:54', '2022-11-14 15:23:54', 37, 176, 55, '2006-12-11 18:15:01'),
(87, 'Culpa soluta nobis.', 2, 'Suscipit velit error ullam sed eligendi. Velit blanditiis aperiam sed in consequatur et. Debitis possimus ea voluptatem rerum corporis voluptatum nobis.', 69, '2022-11-14 15:23:54', '2022-11-14 15:23:54', 83, 114, -80, '1984-11-17 15:39:54'),
(88, 'Ea consequatur sit.', 24, 'Consequatur quasi aut placeat quia qui tempora tempore aut. Incidunt quia quasi quasi voluptatum magnam dolores incidunt. Cumque voluptas eos dolores pariatur iste.', 52, '2022-11-14 15:23:54', '2022-11-14 15:23:54', 26, -156, -22, '1972-10-10 23:05:11'),
(89, 'Odio voluptas sint.', 41, 'Consequatur impedit enim quasi autem hic autem quos. Cupiditate enim natus non veritatis. Repudiandae eum ut nemo maxime quod tenetur officiis.', 17, '2022-11-14 15:23:54', '2022-11-14 15:23:54', 66, -23, 45, '1986-03-09 12:13:35'),
(90, 'Est repudiandae.', 21, 'Aut tempora quos ut aliquid aut laudantium quos. Placeat ratione voluptas odit id dolor. In illo saepe enim inventore unde. Sequi illo labore ducimus quis facere nostrum atque.', 49, '2022-11-14 15:23:54', '2022-11-14 15:23:54', 76, 129, 31, '2006-01-08 11:06:20'),
(91, 'In libero cum vel.', 38, 'Expedita tenetur temporibus saepe ex ut ipsam. Iusto nihil at quis cumque vitae. Aut ducimus ea aut aut officiis totam.', 80, '2022-11-14 15:23:54', '2022-11-14 15:23:54', 47, 135, -85, '1974-06-24 00:56:08'),
(92, 'Voluptate dolore.', 30, 'Qui pariatur quia fugit. Aspernatur ut repudiandae ex labore quaerat. Quas maiores sint neque rerum quisquam sed voluptas. Et quisquam ut nisi atque.', 51, '2022-11-14 15:23:54', '2022-11-14 15:23:54', 57, 116, -24, '1992-11-13 00:37:24'),
(93, 'Nihil ut nostrum.', 35, 'Voluptatem alias odio sequi voluptates. Repellat voluptatibus et ut qui magnam. Assumenda architecto earum porro tenetur.', 31, '2022-11-14 15:23:54', '2022-11-14 15:23:54', 57, 57, 23, '1998-11-01 03:42:33'),
(94, 'Animi minus enim.', 19, 'Maiores ex aliquam fugiat pariatur facilis quia molestiae. Architecto sed dolore sed illum quisquam. Neque eos nesciunt autem voluptates quam autem.', 16, '2022-11-14 15:23:54', '2022-11-14 15:23:54', 41, 71, -34, '2009-03-21 11:35:45'),
(95, 'Qui consequuntur.', 48, 'Voluptatem ab accusamus omnis. Tempora ab perspiciatis occaecati architecto quae dolorem harum. Corporis ut expedita et voluptas hic et.', 29, '2022-11-14 15:23:54', '2022-11-14 15:23:54', 86, -20, 37, '1993-04-16 10:19:18'),
(96, 'Rerum eum ut.', 19, 'Temporibus ea ut ratione rerum necessitatibus. Exercitationem est ea qui vero repellendus molestias. Et laboriosam possimus aut eum fugiat.', 93, '2022-11-14 15:23:54', '2022-11-14 15:23:54', 23, -45, 4, '1982-01-24 21:25:45'),
(97, 'Iusto sed nemo in.', 43, 'Quae qui deleniti aut tenetur. Qui soluta beatae id. Inventore at nesciunt et qui. Numquam qui minima est. Vitae ab recusandae fugit ipsam fugiat omnis sapiente.', 66, '2022-11-14 15:23:54', '2022-11-14 15:23:54', 76, -141, -55, '1995-02-05 10:46:34'),
(98, 'Error unde tenetur.', 33, 'Tempora alias quae porro nisi qui beatae sint. Accusamus ut iste dolore qui maiores vero vitae. Minus eum voluptates excepturi nisi. Totam qui aliquam ea vel aut dolores.', 6, '2022-11-14 15:23:54', '2022-11-14 15:23:54', 28, -113, -30, '1997-03-12 17:18:01'),
(99, 'Qui eum ea amet rem.', 18, 'Ipsa unde occaecati possimus error asperiores. Deserunt sit fugit incidunt et autem maxime. Earum officiis non ut eius aut adipisci voluptatem. Aut sed omnis exercitationem optio cum quia.', 40, '2022-11-14 15:23:54', '2022-11-14 15:23:54', 23, 61, 10, '2018-12-12 16:05:46'),
(100, 'Iure modi sequi.', 31, 'Saepe ut eum minus eius. Harum sit quam eos at et omnis mollitia.', 61, '2022-11-14 15:23:54', '2022-11-14 15:23:54', 49, -2, -54, '2015-07-02 21:33:22'),
(101, 'Dicta suscipit.', 50, 'Vel est dolorem qui. Cumque harum soluta cum asperiores ullam sequi sint.', 26, '2022-11-14 15:23:54', '2022-11-14 15:23:54', 95, -84, 66, '1990-08-02 12:13:18'),
(102, 'Hic veritatis.', 21, 'Quos cum nisi accusantium. Eaque tempore rerum commodi minus quis neque et. Autem dolor autem et sint magni vel quia.', 93, '2022-11-14 15:23:54', '2022-11-14 15:23:54', 37, 19, 54, '2018-05-30 13:49:41'),
(103, 'Soluta quisquam.', 27, 'Reprehenderit adipisci ipsam et eveniet incidunt iure. Nobis quaerat ut ea illo. Voluptates quos perspiciatis eligendi inventore dolore. Placeat incidunt enim qui et voluptatibus id in.', 84, '2022-11-14 15:23:54', '2022-11-14 15:23:54', 60, -8, 39, '1993-12-25 19:01:42'),
(104, 'Et vel ut nulla.', 49, 'Sunt facilis recusandae totam quis. Aut rerum aspernatur et at. Aut aliquid error saepe placeat.', 53, '2022-11-14 15:23:54', '2022-11-14 15:23:54', 83, -69, -9, '1973-05-09 04:12:20'),
(105, 'Corrupti atque.', 23, 'Qui ut eum est eveniet maiores vitae ea vel. Aspernatur sit labore ut. Aut exercitationem laborum aliquid officia quasi iusto. Cum sit facere eius quo cum dolores iure.', 87, '2022-11-14 15:23:54', '2022-11-14 15:23:54', 38, 156, -54, '1996-03-07 18:11:31'),
(106, 'Dolorum earum et.', 25, 'Dolore tempore aut qui ut est molestiae voluptatibus. Optio velit minus accusamus.', 91, '2022-11-14 15:23:54', '2022-11-14 15:23:54', 67, -148, -1, '1993-10-23 11:57:30'),
(107, 'Corporis voluptate.', 12, 'Laboriosam ab suscipit facilis aut nihil laboriosam laboriosam. Tempora iure et voluptatum placeat voluptatem qui illum. Quo qui non neque molestiae necessitatibus asperiores cum quasi.', 79, '2022-11-14 15:23:54', '2022-11-14 15:23:54', 63, -62, 41, '2009-01-27 11:19:35'),
(108, 'Debitis quaerat.', 21, 'Asperiores aut ducimus distinctio explicabo temporibus minima totam distinctio. Qui sit voluptatem autem nihil qui. Voluptatem et tempora dolorem deleniti quia. Sapiente suscipit aperiam sit.', 90, '2022-11-14 15:23:54', '2022-11-14 15:23:54', 37, -82, -37, '1992-11-02 02:46:08'),
(109, 'Tempore consequatur.', 34, 'Quia nostrum et eos laboriosam. Voluptas dolores vitae incidunt aut neque qui. Vel corporis officiis voluptatem quisquam.', 43, '2022-11-14 15:23:54', '2022-11-14 15:23:54', 51, -33, 48, '1972-08-30 20:09:53'),
(110, 'Ullam provident ad.', 18, 'Rerum dolores consectetur odit sequi molestiae rerum. Est velit aut ad et accusantium. Illum dignissimos incidunt consequuntur at. Nemo esse dolorem sed non est.', 23, '2022-11-14 15:23:54', '2022-11-14 15:23:54', 32, -167, -85, '1984-02-05 04:06:04'),
(111, 'Temporibus itaque.', 22, 'Sunt laboriosam non nulla et. Omnis nam vel in. Quos pariatur alias aut enim odit provident aperiam assumenda.', 68, '2022-11-14 15:23:54', '2022-11-14 15:23:54', 73, 147, -41, '1976-02-28 23:18:01'),
(112, 'Ipsum ut beatae et.', 20, 'Dolor ea totam sint a reiciendis voluptatem. Quia fugiat deleniti consequuntur aspernatur. Quibusdam voluptatem hic sed non in. Quis a qui minus omnis officiis.', 36, '2022-11-14 15:23:54', '2022-11-14 15:23:54', 49, -158, -86, '1974-11-08 14:58:54'),
(113, 'Odit quae vel qui.', 34, 'Quia perferendis iusto voluptates. Accusamus quidem tempore culpa fugit. Nobis ea dolor voluptate necessitatibus. Aut saepe molestias aut est minus.', 84, '2022-11-14 15:23:54', '2022-11-14 15:23:54', 73, 179, 89, '1990-09-28 13:43:24'),
(114, 'Eveniet minus quod.', 28, 'Id doloremque omnis laborum. Occaecati et incidunt natus eveniet. Culpa harum sint sequi voluptate sed. Vel excepturi sapiente consequatur aut sint sed eveniet.', 96, '2022-11-14 15:23:54', '2022-11-14 15:23:54', 43, -106, -77, '1977-05-08 03:06:36'),
(115, 'Rerum voluptatem et.', 28, 'Tempore ut error eveniet ullam pariatur. In libero nostrum dolores nam molestiae. Sint sed id et sequi dolores.', 54, '2022-11-14 15:23:54', '2022-11-14 15:23:54', 49, -13, 87, '2019-01-02 22:48:39'),
(116, 'Sint id recusandae.', 44, 'Non sed quam ab eum consequatur voluptatibus aut. Voluptas eos dolores ut nobis possimus. Enim consequatur quae ut voluptates quia distinctio esse. Sapiente corporis cum ut numquam cupiditate quidem.', 73, '2022-11-14 15:23:54', '2022-11-14 15:23:54', 27, -162, -52, '2019-06-03 16:16:59'),
(117, 'Laboriosam veniam.', 26, 'Quidem odit aliquid soluta eaque expedita. Optio dolorem eos quia ut error. Itaque in ex earum nihil ab.', 77, '2022-11-14 15:23:54', '2022-11-14 15:23:54', 62, 75, -75, '2000-01-03 17:42:51'),
(118, 'Debitis odit.', 32, 'Voluptatem quaerat non consectetur expedita. Aut quod eum incidunt dolorem. Voluptas est necessitatibus adipisci nesciunt. Accusamus accusantium velit labore rerum ut.', 74, '2022-11-14 15:23:54', '2022-11-14 15:23:54', 26, -71, 31, '1997-09-25 18:47:53'),
(119, 'Non vitae aut.', 20, 'Repellendus repellendus dolor sit et sed cupiditate. Voluptas fuga consequatur et saepe aperiam officia consequatur qui. Eligendi magnam ducimus enim.', 45, '2022-11-14 15:23:54', '2022-11-14 15:23:54', 72, -144, 62, '2004-03-01 09:07:04'),
(120, 'Et rerum.', 24, 'Deserunt quia accusamus voluptatum nihil omnis id rerum sed. Earum deleniti enim quam quam. Vero et ipsa voluptatem quasi. Qui doloribus quod est ut et hic.', 73, '2022-11-14 15:23:54', '2022-11-14 15:23:54', 33, -69, 77, '1977-11-24 22:35:14'),
(121, 'Id quia accusamus.', 38, 'Porro blanditiis aut culpa et. Rerum veritatis et fugit est ducimus et. Minima aut molestiae est esse qui aut perferendis. Iure qui et iste repellat corrupti voluptas sed.', 9, '2022-11-14 15:23:54', '2022-11-14 15:23:54', 67, -34, -34, '2012-10-18 14:30:49'),
(122, 'Eos in doloribus et.', 37, 'Quis voluptate ipsam sed porro doloribus illo. Voluptatem sit qui sunt non in distinctio. Ea voluptatem dicta omnis aut quasi. Cupiditate architecto et repellendus et explicabo quasi fugit.', 63, '2022-11-14 15:23:54', '2022-11-14 15:23:54', 21, 169, 82, '1993-05-16 05:30:14'),
(123, 'Rem molestiae eius.', 17, 'Nulla dolorem blanditiis sed consequuntur. Sed nostrum architecto magni consequatur. Voluptates aut maiores laudantium.', 82, '2022-11-14 15:23:54', '2022-11-14 15:23:54', 89, -141, 82, '1981-07-23 22:27:21'),
(124, 'Quos dolorum.', 26, 'Iste quia velit commodi impedit iste sunt voluptatem. Corrupti vitae architecto esse aliquid quas soluta. Tempora quos non laudantium natus voluptatem ipsam distinctio.', 13, '2022-11-14 15:23:54', '2022-11-14 15:23:54', 32, -71, -10, '1991-07-10 17:46:05'),
(125, 'Nulla vel pariatur.', 21, 'Repellendus dignissimos aut quis consequatur quia ullam. Inventore quia perspiciatis excepturi accusantium et qui incidunt. Saepe quam repellat quibusdam eum.', 18, '2022-11-14 15:23:54', '2022-11-14 15:23:54', 68, -89, -69, '2019-06-22 14:02:25'),
(126, 'Quas at cupiditate.', 33, 'Laudantium quia unde esse consequuntur nesciunt veniam. Maiores quae natus consequatur voluptatem. Sint sint nam magni illum voluptas est ullam vitae. Aut ut aut quis nihil.', 43, '2022-11-14 15:23:54', '2022-11-14 15:23:54', 41, 134, 68, '1989-12-12 22:38:48'),
(127, 'Voluptate unde.', 11, 'Unde aliquam voluptatem suscipit occaecati dicta velit. Laudantium nobis sit doloribus enim autem impedit et. Voluptatibus illo porro labore autem facilis.', 93, '2022-11-14 15:23:54', '2022-11-14 15:23:54', 82, -65, 17, '1977-11-17 02:38:15'),
(128, 'Nobis distinctio.', 49, 'Dolores at dolores officia nam fugiat velit corporis architecto. Consectetur est optio ut praesentium.', 67, '2022-11-14 15:23:54', '2022-11-14 15:23:54', 99, 164, -50, '1985-12-01 07:30:37'),
(129, 'Voluptatem.', 7, 'Corporis vel ad consectetur et praesentium iure blanditiis. Quae aut voluptas est nihil voluptatem aspernatur.', 23, '2022-11-14 15:23:54', '2022-11-14 15:23:54', 56, 150, -41, '1977-03-01 10:53:42'),
(130, 'Quia aut qui est.', 47, 'Eligendi voluptatem quidem quae amet rerum tempora. Eius quae mollitia accusantium porro rerum quia. Ut omnis eaque quis dolores magni at et. Ut iure esse incidunt hic neque in quia.', 85, '2022-11-14 15:23:54', '2022-11-14 15:23:54', 26, -60, -26, '1981-04-23 11:00:02'),
(131, 'Et possimus vel.', 45, 'Ipsum est cupiditate quod velit minus ut ab. Qui voluptates consequatur qui dolore corrupti omnis minima velit. Est earum aliquam consequatur nobis et nulla deleniti.', 99, '2022-11-14 15:23:54', '2022-11-14 15:23:54', 59, -77, 36, '2009-05-02 03:38:49'),
(132, 'Ut et explicabo.', 42, 'Eum distinctio et rerum nemo. Quis dolorem labore quas omnis temporibus molestiae sit.', 6, '2022-11-14 15:23:54', '2022-11-14 15:23:54', 96, -24, 5, '1971-06-29 20:29:44'),
(133, 'Deleniti.', 48, 'Sunt inventore voluptatum ipsa consequatur id perferendis magni. Ullam molestias et iste perferendis. Necessitatibus asperiores cum quia perspiciatis quod cum ratione.', 92, '2022-11-14 15:23:54', '2022-11-14 15:23:54', 36, -77, 78, '1995-02-23 12:08:31'),
(134, 'Doloremque neque.', 46, 'Libero dolorum labore qui expedita. Libero voluptatibus fugit praesentium odio. Eos qui ut provident itaque provident.', 21, '2022-11-14 15:23:54', '2022-11-14 15:23:54', 82, 125, -31, '1995-05-10 23:26:20'),
(135, 'Possimus ex porro.', 26, 'At aspernatur voluptatem rerum eveniet recusandae. Repellat est ab optio aut. Eum eius quia id distinctio eius voluptatem. Non provident consequatur illum beatae debitis tempore nemo.', 62, '2022-11-14 15:23:54', '2022-11-14 15:23:54', 23, -161, -65, '1985-07-31 02:12:59'),
(136, 'Voluptas provident.', 40, 'Harum ducimus beatae in voluptates ad voluptas. Tempore provident reprehenderit et libero eaque. Iusto illum dicta eius sint dolorem quas ratione. Nam est natus voluptas harum.', 62, '2022-11-14 15:23:54', '2022-11-14 15:23:54', 79, 177, -56, '1971-01-11 13:15:06'),
(137, 'Dolorem consequatur.', 31, 'Et harum autem sit quaerat. Sint in excepturi non non eos ad maxime quaerat. Aut incidunt id labore illum dolor doloremque corporis. Nobis sed quae consequuntur.', 28, '2022-11-14 15:23:54', '2022-11-14 15:23:54', 99, -160, 59, '1998-06-23 18:08:49'),
(138, 'Ut fugit quos.', 50, 'Sequi ea beatae temporibus repudiandae libero. Neque quia id vel eaque. Veniam ut qui rerum.', 90, '2022-11-14 15:23:54', '2022-11-14 15:23:54', 100, 165, -87, '2000-11-11 15:05:35'),
(139, 'Ipsa est mollitia.', 10, 'Consectetur placeat ut ea harum facere ea. Sit quam quidem ut dolores. Repellendus eos nam cumque ipsa. Rerum suscipit voluptatem porro doloremque porro nesciunt.', 16, '2022-11-14 15:23:54', '2022-11-14 15:23:54', 47, -32, -16, '1980-05-21 17:56:45'),
(140, 'Voluptate magni.', 14, 'Consequuntur et sunt ducimus sed accusantium non dolor. Aut ad repellat voluptatibus consequatur libero nobis.', 10, '2022-11-14 15:23:54', '2022-11-14 15:23:54', 70, 103, -64, '2012-01-18 13:05:20'),
(141, 'Provident facilis.', 21, 'Odit debitis dolor iure sed consequatur. Alias qui ut perspiciatis. Et totam hic minus quisquam accusantium.', 23, '2022-11-14 15:23:54', '2022-11-14 15:23:54', 26, -169, 61, '1973-03-28 19:55:10'),
(142, 'Doloremque dicta.', 42, 'Dolore earum nam ea aperiam dolores sint. Accusamus voluptatibus quia et vitae a modi. Id laborum doloribus ut non eaque libero corporis. Quaerat alias est earum esse.', 18, '2022-11-14 15:23:54', '2022-11-14 15:23:54', 96, 37, 16, '2017-04-30 05:21:35'),
(143, 'Quod occaecati et.', 15, 'Et sed voluptatem unde aut cupiditate. Odit sapiente est incidunt est nulla. A amet ut repellendus sunt dolorum enim voluptas. Sed ipsum velit dolorem aliquid.', 56, '2022-11-14 15:23:54', '2022-11-14 15:23:54', 93, -97, 58, '1978-03-13 10:18:22'),
(144, 'Dolor vitae ullam.', 27, 'Impedit soluta quia assumenda labore provident qui voluptatum. Veritatis aut inventore perspiciatis aut sapiente accusamus. Nesciunt ex doloremque ut id. Aut tempore qui aperiam autem minima.', 79, '2022-11-14 15:23:54', '2022-11-14 15:23:54', 68, 64, 66, '2011-12-13 18:59:25'),
(145, 'Explicabo autem.', 49, 'Ipsum ea quae dolores. Eius provident similique ut ullam. Laborum culpa et atque natus.', 32, '2022-11-14 15:23:54', '2022-11-14 15:23:54', 38, -155, -72, '2008-12-06 15:14:55'),
(146, 'Et cumque.', 6, 'Quo tempore amet a. Ad dignissimos eveniet suscipit suscipit. Consequatur tenetur similique ut voluptatem ea quo quia. Provident quia eum pariatur et assumenda voluptas omnis.', 9, '2022-11-14 15:23:54', '2022-11-14 15:23:54', 58, 83, 10, '2001-04-20 18:34:23'),
(147, 'Temporibus.', 9, 'Aspernatur delectus quos dolore officia. Quam quia eos molestias sed deserunt aut dolores. Iste natus officia voluptatem.', 13, '2022-11-14 15:23:54', '2022-11-14 15:23:54', 62, 144, 56, '1977-09-28 18:54:27'),
(148, 'Fugiat mollitia.', 2, 'Velit earum et dolorum. Quos qui saepe nemo numquam iusto quidem voluptatem. Vel rerum accusantium a aut quia aut voluptatem voluptatem. Ea sequi aperiam temporibus tenetur.', 58, '2022-11-14 15:23:54', '2022-11-14 15:23:54', 100, -168, -42, '2017-07-07 10:18:16'),
(149, 'Cupiditate.', 30, 'Ducimus modi et eos expedita. Totam sit sed similique enim non et. Et nam exercitationem velit.', 75, '2022-11-14 15:23:54', '2022-11-14 15:23:54', 85, -127, 18, '1973-11-17 04:26:15'),
(150, 'Voluptatibus vitae.', 45, 'Dignissimos tempora sed facilis consequatur dolores. Nam quo omnis fuga cum ex. Labore saepe culpa ducimus et totam repellendus.', 97, '2022-11-14 15:23:54', '2022-11-14 15:23:54', 21, -113, -18, '1992-03-08 17:03:52'),
(151, 'Ducimus delectus.', 32, 'Sunt aut sunt eius harum voluptas molestiae laborum. Minus consequatur quas ex quos. Similique assumenda suscipit qui quas earum eum distinctio.', 70, '2022-11-14 15:23:54', '2022-11-14 15:23:54', 72, 112, 19, '2017-08-25 02:06:39'),
(152, 'At ducimus ad sed.', 41, 'Delectus delectus dolores quos consequatur fugiat autem tempora. Unde tempore aut fugit qui. Ad quo animi molestiae consequatur ex. Dolores voluptatem est similique recusandae delectus.', 46, '2022-11-14 15:23:54', '2022-11-14 15:23:54', 36, -66, -24, '2021-05-28 22:24:36'),
(153, 'Sequi.', 9, 'Ipsam et quidem excepturi ducimus deleniti assumenda repellat. Qui velit dolorum consequatur suscipit.', 15, '2022-11-14 15:23:54', '2022-11-14 15:23:54', 47, 36, 71, '1982-12-30 20:21:08'),
(154, 'Rerum omnis non rem.', 3, 'Qui harum perspiciatis ut quis. Earum dolorum ea facilis velit nisi. Enim ducimus aliquam et. Rerum officiis dolor nihil. Ex voluptatum incidunt earum incidunt voluptas eligendi totam.', 54, '2022-11-14 15:23:54', '2022-11-14 15:23:54', 82, -64, -17, '1987-01-05 00:00:43'),
(155, 'Quia consequatur.', 46, 'Voluptate quod expedita labore ut iure impedit. Eius voluptas asperiores impedit et. Velit quos similique quia illo voluptas.', 27, '2022-11-14 15:23:54', '2022-11-14 15:23:54', 47, 35, -30, '2009-07-13 11:40:44'),
(156, 'Aut perferendis.', 21, 'Omnis et vel aliquam sed. A incidunt rerum voluptas dolores accusamus. Vero et et ipsam eos. Molestias omnis minus distinctio assumenda.', 70, '2022-11-14 15:23:54', '2022-11-14 15:23:54', 74, -30, 74, '1994-10-17 21:59:38'),
(157, 'Tenetur et ipsum.', 19, 'Voluptatem est eaque vel ut et saepe at quia. In quam et illum fugit. Consectetur laudantium voluptates veritatis dolores. Cupiditate nihil dolor quis.', 98, '2022-11-14 15:23:54', '2022-11-14 15:23:54', 58, -66, 20, '2012-10-16 00:45:05'),
(158, 'Quia consequatur.', 35, 'Reprehenderit illo amet cumque quibusdam. Officia impedit sit magni id. Dolores ipsam voluptas nulla quia voluptates.', 87, '2022-11-14 15:23:54', '2022-11-14 15:23:54', 69, -49, -63, '1973-01-10 15:46:11'),
(159, 'Pariatur quo sit.', 32, 'Beatae enim explicabo explicabo voluptas repellat. Aspernatur vitae hic mollitia quis consequatur et eos. Quod vero et sequi optio doloribus est temporibus.', 51, '2022-11-14 15:23:54', '2022-11-14 15:23:54', 37, -33, 31, '2000-09-29 01:49:44'),
(160, 'Architecto libero.', 29, 'Officiis hic impedit doloremque et ipsum. Consectetur est consectetur blanditiis similique. Sint ad explicabo sint placeat. Aliquid quibusdam vel numquam sed non iste accusamus eveniet.', 39, '2022-11-14 15:23:54', '2022-11-14 15:23:54', 31, -144, -22, '1989-08-12 16:05:19'),
(161, 'Necessitatibus.', 43, 'Repudiandae quas praesentium in quam inventore ipsa. Dolores et aut qui enim expedita impedit non. Rerum nesciunt sit quod dolor dignissimos distinctio repudiandae provident.', 47, '2022-11-14 15:23:54', '2022-11-14 15:23:54', 76, -58, 71, '1995-10-31 06:16:46'),
(162, 'Eaque nihil illo.', 38, 'Voluptatem fugit distinctio necessitatibus optio. Voluptatem illo architecto distinctio error. Nostrum in aut debitis facere eaque deleniti quam. Ab architecto quod id mollitia ullam temporibus quod.', 32, '2022-11-14 15:23:54', '2022-11-14 15:23:54', 58, 132, -27, '1989-04-21 07:16:18'),
(163, 'Perferendis dolor.', 22, 'Officiis repudiandae omnis ab in temporibus numquam perspiciatis reprehenderit. Aut quae commodi repellendus et sequi nam molestias.', 78, '2022-11-14 15:23:54', '2022-11-14 15:23:54', 48, 133, 15, '2004-09-25 16:02:41'),
(164, 'Quae ipsum dolores.', 22, 'Magni architecto est accusantium nam. Vel illum aut in ducimus. Magnam ut distinctio dicta unde vitae non ut.', 81, '2022-11-14 15:23:54', '2022-11-14 15:23:54', 92, 147, 65, '2006-03-14 16:03:29'),
(165, 'Impedit.', 24, 'Incidunt aperiam atque placeat pariatur qui exercitationem quia. Optio sint asperiores dignissimos et. Ut quas aliquid necessitatibus veniam eaque iure voluptas.', 21, '2022-11-14 15:23:54', '2022-11-14 15:23:54', 21, -171, -5, '2006-03-23 09:01:23'),
(166, 'Nihil aut neque vel.', 48, 'Sed praesentium eaque voluptatem adipisci cum aliquam. Tenetur voluptatum sint omnis eligendi commodi minus debitis. Aut culpa provident quo vero et et.', 32, '2022-11-14 15:23:54', '2022-11-14 15:23:54', 85, -134, -39, '1998-06-15 18:23:15'),
(167, 'Dicta id qui id.', 48, 'Iste nulla ut at nostrum dolorem. Eveniet et et architecto aut quis minima. Quis quia sapiente maiores modi.', 19, '2022-11-14 15:23:54', '2022-11-14 15:23:54', 69, 85, -18, '1981-08-04 05:22:27'),
(168, 'Sequi non eos amet.', 4, 'Ab amet id voluptatem et nostrum. Quos itaque animi impedit tenetur sed. Exercitationem magni saepe culpa eius beatae.', 64, '2022-11-14 15:23:54', '2022-11-14 15:23:54', 72, 104, -20, '1980-08-06 15:43:45'),
(169, 'A consectetur.', 42, 'Eius iusto qui architecto. Rerum ipsam voluptas cum ut voluptatem eaque. Autem non omnis et dicta numquam aut. Consequatur id voluptate voluptatibus eos consequatur omnis voluptas.', 25, '2022-11-14 15:23:54', '2022-11-14 15:23:54', 35, -141, 71, '2011-05-03 22:12:09'),
(170, 'Sed eius quae quia.', 38, 'Nemo numquam rem id inventore a neque dignissimos a. Ut maxime ratione perferendis unde qui. Non voluptatibus facere pariatur neque aperiam. Adipisci nesciunt quidem et sapiente.', 84, '2022-11-14 15:23:54', '2022-11-14 15:23:54', 84, 127, 62, '2002-11-30 01:34:08'),
(171, 'Dicta praesentium.', 25, 'Quas architecto porro modi eos sed eos placeat. Repellendus rerum aut dolorum ad animi.', 60, '2022-11-14 15:23:54', '2022-11-14 15:23:54', 84, 90, -34, '2001-05-28 18:17:33'),
(172, 'Officia cum magni.', 34, 'Unde rerum quas ut in nihil quia. Iusto et et explicabo repellat quia tempora. Quas adipisci voluptates et odio rerum ab. Et incidunt porro molestias quo perferendis.', 74, '2022-11-14 15:23:54', '2022-11-14 15:23:54', 95, 165, 58, '2010-01-07 18:14:44'),
(173, 'Quo eos omnis.', 11, 'Et alias expedita animi. Qui ea sequi facere neque. Id minima omnis minima assumenda maiores.', 13, '2022-11-14 15:23:54', '2022-11-14 15:23:54', 42, 76, -22, '1983-12-16 02:30:55'),
(174, 'Dolorem ea aut.', 31, 'In repellendus quibusdam enim nulla vero dolorem et. Ut aut sequi provident hic doloremque. Dolor voluptatem unde rem dolorum.', 52, '2022-11-14 15:23:54', '2022-11-14 15:23:54', 46, -10, -33, '1978-11-06 03:29:49'),
(175, 'Et sit incidunt.', 38, 'Asperiores quod aliquam architecto et expedita. Ea quaerat iste repellendus cum sapiente assumenda eveniet adipisci. Laudantium qui qui voluptatem consequatur asperiores soluta earum.', 45, '2022-11-14 15:23:54', '2022-11-14 15:23:54', 66, -109, 37, '2011-10-26 06:26:30'),
(176, 'Commodi sapiente.', 49, 'Quae quia ex consequatur iusto ducimus eveniet. Quo dicta omnis quisquam et eaque consequatur. Molestiae distinctio aperiam provident odit autem quasi.', 90, '2022-11-14 15:23:54', '2022-11-14 15:23:54', 53, -121, -4, '2000-03-08 23:32:18'),
(177, 'Ut qui numquam aut.', 37, 'Dolorem recusandae quia nostrum officia. Eos sed deserunt non molestiae harum ipsam et.', 52, '2022-11-14 15:23:54', '2022-11-14 15:23:54', 62, 136, 24, '2012-03-28 11:43:00'),
(178, 'Velit dolorem.', 38, 'Sint rerum qui natus et. Ea praesentium sequi provident ea voluptatem eveniet amet impedit. Quam sit sed tempora.', 61, '2022-11-14 15:23:54', '2022-11-14 15:23:54', 87, 67, 82, '2003-06-08 22:03:27'),
(179, 'Quisquam unde.', 44, 'Consequuntur consequuntur et qui tenetur veritatis harum. Libero culpa laborum qui culpa voluptatem aut quas. Eligendi dolor architecto hic minus molestias dolor.', 73, '2022-11-14 15:23:54', '2022-11-14 15:23:54', 28, 42, 42, '2007-01-31 15:55:53'),
(180, 'Voluptatem adipisci.', 47, 'Commodi ex id officia veritatis earum inventore mollitia nulla. Neque velit eius perspiciatis voluptatum itaque eius et. Mollitia temporibus et soluta et ex sit a beatae.', 33, '2022-11-14 15:23:54', '2022-11-14 15:23:54', 54, -86, -83, '2018-05-08 16:14:32'),
(181, 'Error aspernatur.', 45, 'Eos autem eum nihil voluptatum deserunt iure qui. Et nesciunt animi id aut quidem. Aut dicta esse aut labore. Nisi et voluptatem et quia magni tempora. Quasi molestiae pariatur et laborum occaecati.', 32, '2022-11-14 15:23:54', '2022-11-14 15:23:54', 25, 142, -8, '2014-01-14 17:48:50'),
(182, 'Ipsam nihil.', 11, 'Voluptatem doloremque voluptatibus explicabo deleniti perspiciatis pariatur a. Magni voluptas ea incidunt voluptas. Alias fuga maxime facilis fugit.', 31, '2022-11-14 15:23:54', '2022-11-14 15:23:54', 59, -83, 2, '1985-02-14 05:15:27'),
(183, 'Omnis corporis.', 19, 'Saepe et corrupti est at. Et recusandae rerum exercitationem fugiat mollitia totam. Asperiores nam ducimus qui aliquam.', 57, '2022-11-14 15:23:54', '2022-11-14 15:23:54', 93, 50, -29, '2011-09-18 14:48:56'),
(184, 'Sit est alias sit.', 5, 'Itaque occaecati reiciendis ipsa nisi. Magnam et quia maiores aut voluptatem molestiae. Officiis eaque corporis ratione possimus nostrum maiores soluta vel.', 22, '2022-11-14 15:23:54', '2022-11-14 15:23:54', 97, -11, 47, '1974-01-15 04:45:06'),
(185, 'Temporibus ducimus.', 26, 'Aspernatur in et laborum impedit. Rerum ad vero ullam sed. Accusamus voluptatem voluptatum labore et esse.', 17, '2022-11-14 15:23:54', '2022-11-14 15:23:54', 76, 148, -53, '2017-03-22 11:48:35'),
(186, 'Et architecto omnis.', 30, 'Sed quos eum et expedita ratione. Ut dolores quos inventore fugit. Consequuntur nulla natus veniam numquam est occaecati dolor enim.', 5, '2022-11-14 15:23:54', '2022-11-14 15:23:54', 39, 82, 33, '1989-06-03 05:03:12'),
(187, 'Ut voluptas in.', 3, 'Suscipit aliquam aut in delectus nesciunt enim voluptatem repellat. Blanditiis qui dolores distinctio at cupiditate officiis culpa. Quibusdam itaque eum non esse inventore.', 31, '2022-11-14 15:23:54', '2022-11-14 15:23:54', 78, -116, -24, '1995-07-12 07:28:50'),
(188, 'Quod aut voluptates.', 8, 'Odit eaque illo omnis perspiciatis sit. Fuga fugit nisi voluptatem quod non delectus quibusdam. Recusandae dolore atque ex.', 42, '2022-11-14 15:23:54', '2022-11-14 15:23:54', 75, -10, -70, '1990-03-16 00:00:05'),
(189, 'Ea enim id omnis.', 15, 'Ut inventore perferendis fugit hic quis excepturi. Laboriosam laboriosam unde corrupti. Aut voluptatem maiores voluptatem molestiae. Harum molestiae qui harum similique ipsa sit.', 87, '2022-11-14 15:23:54', '2022-11-14 15:23:54', 43, -91, -43, '1995-06-18 08:23:32'),
(190, 'Sed voluptates.', 35, 'Sit reiciendis eaque nobis et veniam. Sed sunt nam non qui numquam asperiores. Sed magnam eum quo quis ullam error omnis.', 72, '2022-11-14 15:23:54', '2022-11-14 15:23:54', 29, -79, 25, '2020-03-25 00:18:14');
INSERT INTO `atelier1__image` (`id`, `title`, `author`, `description`, `gallery_id`, `created_at`, `updated_at`, `altitude`, `longitude`, `latitude`, `photo_date`) VALUES
(191, 'Ut soluta est odit.', 35, 'Omnis molestias quae cum cupiditate aut provident. Labore quam quas placeat ipsum ab et quia qui. Vitae quidem officia qui numquam ut delectus impedit.', 52, '2022-11-14 15:23:54', '2022-11-14 15:23:54', 38, 141, 74, '2010-04-11 22:09:46'),
(192, 'Fugit sequi enim.', 40, 'Eaque tenetur est nisi. Alias eius placeat et ipsam sed. Enim iusto beatae est. Totam cupiditate amet possimus esse architecto. Quidem facere consequatur dolores ad ut amet.', 36, '2022-11-14 15:23:54', '2022-11-14 15:23:54', 42, 75, 21, '2014-05-11 04:38:29'),
(193, 'Rem facere ea qui.', 27, 'Qui ut voluptatum voluptatem illum. Ipsam dignissimos velit ratione voluptas. Suscipit nihil dolor aliquid aut laudantium.', 34, '2022-11-14 15:23:54', '2022-11-14 15:23:54', 62, 1, -9, '2003-11-09 01:37:51'),
(194, 'Dolorem occaecati.', 12, 'Expedita sint earum voluptatem rerum. Voluptates quia vel in aliquam ut voluptates ut. Molestiae laboriosam ipsum exercitationem deserunt nobis temporibus dicta.', 87, '2022-11-14 15:23:54', '2022-11-14 15:23:54', 88, -12, -15, '2022-05-13 08:01:53'),
(195, 'Pariatur quo.', 4, 'Sint earum enim nobis quis ea qui accusantium. Modi officiis voluptate distinctio neque itaque doloremque molestiae. Consequatur doloremque corrupti impedit eveniet assumenda odio debitis.', 68, '2022-11-14 15:23:54', '2022-11-14 15:23:54', 97, -49, 79, '1988-10-05 18:12:49'),
(196, 'Omnis molestiae.', 14, 'Voluptas sit non est ut sapiente impedit magni. Sapiente et consequatur eos qui quia velit aut. Sint exercitationem repellendus a assumenda minima animi fugit. Sunt facere ipsa odio.', 44, '2022-11-14 15:23:54', '2022-11-14 15:23:54', 25, 40, 22, '2014-12-21 02:41:00'),
(197, 'Molestias ipsam ab.', 28, 'Quod aliquid vel impedit. Incidunt et dolore magni id cum nesciunt ut. Vel nostrum dolor accusantium rem voluptatum officiis.', 21, '2022-11-14 15:23:54', '2022-11-14 15:23:54', 56, -123, 25, '1984-12-28 03:14:36'),
(198, 'Corporis facere.', 32, 'Earum aliquid autem sequi blanditiis eligendi. Consectetur ut quia velit et. Dolorem quod et esse et.', 17, '2022-11-14 15:23:54', '2022-11-14 15:23:54', 79, -67, -55, '2005-01-09 22:16:53'),
(199, 'Pariatur error hic.', 10, 'Assumenda qui qui ut sed sit. Pariatur harum iusto repudiandae est voluptates eius unde quam. Corporis dolore quos pariatur iusto qui consequatur. Sit sit deleniti sapiente et eum iusto voluptatem.', 93, '2022-11-14 15:23:54', '2022-11-14 15:23:54', 48, 68, 83, '2002-07-28 04:00:54'),
(200, 'Molestiae esse.', 45, 'Maiores eos corporis nihil eum quia. Animi animi id occaecati. Necessitatibus voluptatem recusandae odio earum ut atque.', 55, '2022-11-14 15:23:54', '2022-11-14 15:23:54', 87, -31, 58, '1995-05-07 12:17:44'),
(201, 'Enim totam aliquid.', 32, 'Esse voluptatem quam voluptatem et. Ducimus hic aliquid non temporibus sunt perspiciatis quis. Ducimus sequi ipsa dolorum sunt molestias quia voluptatem enim.', 28, '2022-11-14 15:23:54', '2022-11-14 15:23:54', 26, -104, -4, '2006-03-20 10:51:25'),
(202, 'Alias iste dolores.', 25, 'Atque eos et ducimus quod. Est beatae assumenda qui et et maxime et animi. Commodi quaerat autem consequatur voluptatem vitae maxime autem.', 12, '2022-11-14 15:23:54', '2022-11-14 15:23:54', 48, -17, -54, '1981-11-18 14:40:28'),
(203, 'Voluptas adipisci.', 6, 'Ipsam possimus nisi labore minus. Ut illum eum est dolore et ab. Eum rerum amet natus nemo. Libero repudiandae aut quia eveniet.', 52, '2022-11-14 15:23:54', '2022-11-14 15:23:54', 78, -163, 25, '2002-11-03 13:19:44'),
(204, 'Laudantium id.', 38, 'Praesentium sequi iste saepe et odit nihil ullam. Dolore amet itaque cumque praesentium quia adipisci non repellendus. Distinctio et qui ut est nulla.', 1, '2022-11-14 15:23:54', '2022-11-14 15:23:54', 42, 58, -15, '1993-08-23 22:07:03'),
(205, 'Odio provident odio.', 10, 'Dolorem soluta odit totam pariatur saepe vel sequi. Aspernatur aut possimus quis consequatur possimus iste est. Doloribus quia eos ducimus dignissimos et ratione hic.', 94, '2022-11-14 15:23:54', '2022-11-14 15:23:54', 60, 25, 71, '1977-02-07 19:16:08'),
(206, 'Ex inventore error.', 7, 'Consequatur fuga quam mollitia blanditiis officia. Adipisci autem est rerum voluptas. Nihil et fugiat odit qui. Quos minima velit non necessitatibus facilis voluptas.', 95, '2022-11-14 15:23:54', '2022-11-14 15:23:54', 87, -90, -53, '1972-03-19 10:26:17'),
(207, 'Esse ducimus nobis.', 46, 'Blanditiis distinctio nihil nihil accusamus eaque alias dolorem. Aut aut praesentium nihil minima illum laborum mollitia temporibus.', 79, '2022-11-14 15:23:54', '2022-11-14 15:23:54', 72, -48, -40, '1989-11-14 04:31:07'),
(208, 'Facilis corporis.', 39, 'Sunt consequatur officia placeat provident ad officia possimus earum. Qui est odit est et sunt inventore dolorum. Explicabo aliquam magni fuga qui esse rerum suscipit.', 58, '2022-11-14 15:23:54', '2022-11-14 15:23:54', 30, -49, 46, '2009-04-29 20:06:54'),
(209, 'Nihil voluptatem.', 40, 'Quod unde error accusantium quam quia eum eveniet. Perferendis voluptatibus iure illum sit pariatur at.', 80, '2022-11-14 15:23:54', '2022-11-14 15:23:54', 24, -82, 85, '2009-01-03 02:48:34'),
(210, 'Et similique omnis.', 41, 'Exercitationem rerum tempore deserunt eos aliquam et. Aperiam iure voluptatem cumque quo illum facere. Ut sunt minima voluptatem laudantium et reprehenderit.', 68, '2022-11-14 15:23:54', '2022-11-14 15:23:54', 95, 20, 71, '1974-09-04 12:31:23'),
(211, 'Vero voluptatibus.', 27, 'Voluptatem quis alias ratione molestiae ipsum amet. Aut consequatur iusto inventore recusandae voluptatem sapiente eius. Tenetur similique ut eos vero enim impedit voluptatem vel.', 29, '2022-11-14 15:23:54', '2022-11-14 15:23:54', 55, 21, -46, '2008-01-07 22:08:27'),
(212, 'Excepturi rerum.', 39, 'Ut provident tenetur quae et nesciunt maiores dolore. Inventore doloribus perferendis amet rem rerum. Qui qui suscipit ut qui. Eum et laudantium sapiente doloribus est eaque est.', 41, '2022-11-14 15:23:54', '2022-11-14 15:23:54', 43, 121, -80, '1993-08-27 09:40:00'),
(213, 'Consectetur est ea.', 7, 'Aperiam est fugiat quibusdam quidem. Rerum perferendis inventore magnam et suscipit quis labore maxime. Error molestiae voluptas labore impedit.', 81, '2022-11-14 15:23:54', '2022-11-14 15:23:54', 71, -31, -65, '2014-06-26 09:26:10'),
(214, 'Officia non et.', 23, 'Dolore nam in omnis deserunt quia. Nemo molestiae culpa cum rerum autem vel id. Tempore aperiam illum perspiciatis molestiae doloremque nihil. Odit doloremque a aperiam et iure maiores.', 64, '2022-11-14 15:23:54', '2022-11-14 15:23:54', 57, 23, 25, '2001-11-28 01:31:13'),
(215, 'Laudantium rerum.', 18, 'Accusantium autem cum ipsam illo. Molestiae beatae culpa culpa quia et voluptatibus. Minus itaque ratione odio sit. Aut natus dolores quos.', 16, '2022-11-14 15:23:54', '2022-11-14 15:23:54', 56, -129, 73, '2007-08-26 08:09:15'),
(216, 'Consequatur.', 40, 'Numquam quibusdam aut nostrum quas nam. Adipisci maiores eum et ut consequatur. Dolores tenetur quis harum repudiandae sunt commodi quae. Soluta dolores alias ut praesentium.', 39, '2022-11-14 15:23:54', '2022-11-14 15:23:54', 54, 73, -38, '2016-09-17 22:15:05'),
(217, 'Aperiam voluptates.', 8, 'Error autem non consectetur vero ut voluptas. Voluptate et doloremque nesciunt ut cupiditate reiciendis ex. Ab doloribus sed nihil dolorum.', 30, '2022-11-14 15:23:54', '2022-11-14 15:23:54', 53, 16, 54, '2018-10-20 23:44:31'),
(218, 'Aperiam et incidunt.', 16, 'Non sint a sed dolores fugit laboriosam. Repellat laudantium amet nisi eaque at at. Quod natus autem quos voluptas temporibus nostrum aut.', 60, '2022-11-14 15:23:54', '2022-11-14 15:23:54', 40, 167, 21, '1997-09-05 05:28:23'),
(219, 'Eaque accusamus.', 17, 'Dolores sed est modi nobis eos. Maxime earum omnis voluptates molestias qui quia dolores. Provident esse est dolorum id pariatur ea aliquam. Eligendi velit totam accusantium cum fugit sapiente.', 7, '2022-11-14 15:23:54', '2022-11-14 15:23:54', 69, 127, -70, '1979-04-11 03:27:57'),
(220, 'Modi beatae id qui.', 20, 'Voluptatem neque iusto ipsum mollitia natus. Doloremque quis eum et magni officia. Ipsam expedita perferendis molestiae amet ex et.', 13, '2022-11-14 15:23:54', '2022-11-14 15:23:54', 76, 48, 20, '1993-04-16 18:36:50'),
(221, 'Et eveniet quidem.', 38, 'Similique vitae quas non beatae aliquam commodi qui in. Exercitationem autem facilis illo temporibus voluptas. Quia in delectus repudiandae in tempore ut vel.', 55, '2022-11-14 15:23:54', '2022-11-14 15:23:54', 80, -12, 65, '1975-10-08 15:53:26'),
(222, 'Sunt ratione.', 5, 'Ut sit nesciunt nobis dolorem quibusdam. Distinctio tempora error consequuntur sit tempora id. Suscipit delectus aspernatur aut dolorem eligendi magnam.', 41, '2022-11-14 15:23:54', '2022-11-14 15:23:54', 56, -103, 38, '2013-06-14 17:52:18'),
(223, 'Iure ullam dicta.', 25, 'Omnis unde ea ut voluptatem vitae molestiae tempora. Eligendi nihil sint labore corporis et veritatis. Vitae et voluptatem sed et ut. Non atque accusamus quo sed perspiciatis porro saepe consequatur.', 64, '2022-11-14 15:23:54', '2022-11-14 15:23:54', 35, -92, -34, '2006-11-26 07:53:26'),
(224, 'Voluptas blanditiis.', 47, 'Eum suscipit adipisci ipsum ut officia explicabo. Aut nemo aut quia sunt. Maiores ullam voluptatem vel ad.', 75, '2022-11-14 15:23:54', '2022-11-14 15:23:54', 32, -100, 90, '2013-08-05 20:30:37'),
(225, 'Tempora temporibus.', 37, 'Dignissimos velit ratione nisi quae tenetur voluptatem. Voluptatem rerum perspiciatis fuga. Vero placeat beatae optio. Ut totam est animi minima unde.', 52, '2022-11-14 15:23:54', '2022-11-14 15:23:54', 38, -165, -15, '1984-10-06 20:49:34'),
(226, 'Aperiam beatae at.', 2, 'Occaecati voluptatibus eligendi pariatur laborum minima nemo. Assumenda est in soluta quibusdam quasi. Quod cumque ipsum ut modi.', 75, '2022-11-14 15:23:54', '2022-11-14 15:23:54', 63, 17, 83, '1995-11-05 08:48:44'),
(227, 'Aut voluptatem quia.', 17, 'Rerum aut et placeat officia. Sit molestias vel quia itaque. Cupiditate aut id mollitia magnam. Ut dolores voluptatem illum quae voluptates sit sed quibusdam.', 44, '2022-11-14 15:23:54', '2022-11-14 15:23:54', 87, 75, -81, '1985-11-14 17:11:02'),
(228, 'Neque sit ut.', 44, 'Dolorem velit rerum itaque enim optio sequi. Incidunt natus est ducimus. Quis ea ut eos harum delectus repellat. Ad odio saepe sit aut ut est amet.', 95, '2022-11-14 15:23:54', '2022-11-14 15:23:54', 70, 50, 65, '2003-04-30 05:16:45'),
(229, 'Sit deleniti.', 24, 'Dolor nulla maiores ratione ex. Fuga ullam dolores mollitia veritatis. Omnis sapiente suscipit voluptas. Est nisi et quia et.', 31, '2022-11-14 15:23:54', '2022-11-14 15:23:54', 31, 73, -26, '2007-05-09 11:37:33'),
(230, 'Eius in quia.', 5, 'Error consectetur ut voluptatum qui repellat. Dolores et voluptas sed. Vero itaque ut distinctio commodi dolores. Ratione ut commodi modi sit repudiandae ducimus nam.', 71, '2022-11-14 15:23:54', '2022-11-14 15:23:54', 48, -15, -38, '2019-10-15 17:44:50'),
(231, 'Soluta dolores.', 36, 'Id nemo quia dolorum corporis et quasi. Est nobis omnis et quae architecto dolores consequatur. Est numquam corporis voluptatem et. Qui id sed quidem asperiores dolor dolorum.', 8, '2022-11-14 15:23:54', '2022-11-14 15:23:54', 56, -9, -66, '1997-12-20 09:32:48'),
(232, 'Ut commodi et natus.', 22, 'Sunt deserunt veritatis soluta dolore aliquid fuga corporis. Molestiae quisquam sunt quia laborum esse atque et. Magni accusamus qui ea quibusdam.', 49, '2022-11-14 15:23:54', '2022-11-14 15:23:54', 53, -57, 60, '1981-12-21 13:54:36'),
(233, 'Ipsa incidunt ipsam.', 46, 'Saepe tempora facilis vero sit. Laudantium nam quis quos commodi. Dolorum cum inventore maxime voluptates ab animi. Sit reiciendis dolorum quia ipsum sint laborum necessitatibus aut.', 42, '2022-11-14 15:23:54', '2022-11-14 15:23:54', 72, -165, -37, '1995-10-27 06:38:27'),
(234, 'Veniam eos ipsum.', 41, 'Libero id laudantium perspiciatis asperiores consequatur aperiam. Et illum vitae dolores quibusdam commodi. Esse beatae aperiam fuga est.', 99, '2022-11-14 15:23:54', '2022-11-14 15:23:54', 31, 30, 74, '1983-12-29 03:04:09'),
(235, 'Quasi autem.', 17, 'Similique blanditiis fuga fugit esse. Vitae vel et libero dolores enim voluptatem est iste. Praesentium earum omnis consequatur officia est.', 89, '2022-11-14 15:23:54', '2022-11-14 15:23:54', 86, -81, -68, '1994-05-26 00:44:24'),
(236, 'Voluptate iure.', 14, 'Voluptatem laudantium fugit culpa id. Omnis ratione deserunt ut dolores voluptatem. Quos sapiente maxime unde praesentium ipsa hic. Ea maiores non aut maxime accusantium voluptatem.', 83, '2022-11-14 15:23:54', '2022-11-14 15:23:54', 83, 11, -63, '2003-05-01 20:24:30'),
(237, 'Iste reiciendis et.', 35, 'Nemo et molestiae suscipit qui excepturi. Iure eveniet voluptate nemo earum.', 72, '2022-11-14 15:23:54', '2022-11-14 15:23:54', 88, -37, -26, '1982-10-12 20:11:39'),
(238, 'Voluptate et.', 4, 'Mollitia non aut neque quas aspernatur eius. Rerum nisi dolorum quia quibusdam est et dolorum vel. Voluptatum atque sit quos sed animi. Dolore fugit deleniti rem cum a qui.', 75, '2022-11-14 15:23:54', '2022-11-14 15:23:54', 37, -138, -43, '1972-06-22 10:56:15'),
(239, 'Omnis quidem.', 10, 'Ullam voluptas et nostrum repellat tenetur. Ea et facilis rerum. Placeat ut odit cupiditate maxime omnis. Repudiandae qui et saepe et tempore nulla ut.', 37, '2022-11-14 15:23:54', '2022-11-14 15:23:54', 35, -18, -5, '1999-11-08 17:41:02'),
(240, 'Id corporis et nisi.', 9, 'Quisquam eveniet ducimus libero ipsa consequuntur. Tempore consequuntur dicta voluptatem est voluptates eos qui. Iusto natus aliquid nesciunt non.', 25, '2022-11-14 15:23:54', '2022-11-14 15:23:54', 94, -21, 9, '2008-05-19 15:27:17'),
(241, 'Ducimus provident.', 35, 'Commodi odit iure consequuntur quas et minima. Fugit quia ducimus fugit quas autem fugiat.', 66, '2022-11-14 15:23:54', '2022-11-14 15:23:54', 26, 32, -57, '1983-01-13 09:22:24'),
(242, 'Ea nesciunt sit.', 15, 'Et ad quia facere dolorem veniam. Itaque occaecati autem praesentium velit. Et ad aut adipisci debitis rerum quia sit.', 72, '2022-11-14 15:23:54', '2022-11-14 15:23:54', 99, 75, -74, '2001-03-07 13:30:11'),
(243, 'Et animi.', 46, 'Qui animi enim voluptatem et iste. Quibusdam non sint aut illo. Enim qui exercitationem qui cum.', 35, '2022-11-14 15:23:54', '2022-11-14 15:23:54', 39, -112, -27, '1979-03-07 03:01:14'),
(244, 'Et minus inventore.', 22, 'Tempora eos temporibus dicta cupiditate. Qui aliquam velit incidunt rem quisquam beatae sint. Soluta dolore explicabo qui tempore sint voluptatem quibusdam.', 20, '2022-11-14 15:23:54', '2022-11-14 15:23:54', 76, 179, 11, '2017-03-31 09:29:06'),
(245, 'Et dolore aliquid.', 16, 'Sed sit quaerat expedita id earum excepturi excepturi. In molestiae facilis qui. Recusandae in fugit suscipit exercitationem. Facilis non ducimus voluptas perferendis.', 87, '2022-11-14 15:23:54', '2022-11-14 15:23:54', 68, 70, -38, '1972-07-23 20:56:17'),
(246, 'Aliquam ex omnis.', 13, 'Molestiae quidem rem at voluptatum dolor perspiciatis. Veniam eius et commodi nam. Nobis qui eum nemo delectus architecto quis. Quaerat ex laboriosam eveniet itaque voluptatem at illo libero.', 85, '2022-11-14 15:23:54', '2022-11-14 15:23:54', 72, -178, 32, '1979-03-12 03:25:50'),
(247, 'Aut eaque et.', 48, 'Autem et commodi sint alias aut aliquam. Possimus vel vero aut ut quia veniam dolore. Ipsum vel autem qui dolorum necessitatibus ut. Ex reprehenderit non deleniti.', 44, '2022-11-14 15:23:54', '2022-11-14 15:23:54', 78, -176, 40, '2000-06-09 22:51:05'),
(248, 'Optio cum molestiae.', 2, 'Autem eius et eum dolor. Vero voluptas nemo dolorem reiciendis. Temporibus officia qui quaerat ad commodi sit maiores.', 85, '2022-11-14 15:23:54', '2022-11-14 15:23:54', 52, -162, -19, '1976-08-28 10:37:35'),
(249, 'Maiores sit aut.', 8, 'Illum quia voluptatem perferendis maxime consectetur laudantium. Est ad enim corporis reiciendis mollitia nam nihil.', 79, '2022-11-14 15:23:54', '2022-11-14 15:23:54', 89, 166, 26, '1986-05-21 23:50:12'),
(250, 'Fugit saepe quaerat.', 2, 'Et suscipit aut consequatur inventore quas voluptate. Aut vel deserunt minima qui nemo. Ut est qui molestias officia.', 43, '2022-11-14 15:23:54', '2022-11-14 15:23:54', 37, 55, 14, '1981-11-19 16:48:39'),
(251, 'Reprehenderit culpa.', 10, 'Sint et est accusamus. Aut est voluptatem expedita et. Inventore ex delectus ut dolorum modi. Quia vel nostrum qui velit et facilis.', 24, '2022-11-14 15:23:54', '2022-11-14 15:23:54', 36, -110, 71, '1978-09-13 23:00:15'),
(252, 'Sapiente sapiente.', 8, 'Velit quo numquam molestiae. Sed dolorem sunt nesciunt eum vel debitis. Expedita et itaque quis fuga cupiditate esse.', 76, '2022-11-14 15:23:54', '2022-11-14 15:23:54', 30, -29, 36, '2010-02-04 13:38:55'),
(253, 'Quas nostrum rerum.', 41, 'Similique aut ea dolore voluptas velit dignissimos repellendus. Et qui et error facere magni rerum. Ut id est illum mollitia tempore eveniet aut. Sed quis et culpa est hic quidem.', 76, '2022-11-14 15:23:54', '2022-11-14 15:23:54', 35, 151, -82, '1990-05-12 07:29:51'),
(254, 'Enim consectetur et.', 34, 'Ut velit qui ea libero voluptas beatae nulla. Amet natus beatae dolores odio quo reiciendis earum itaque. Excepturi fugit voluptas sed deleniti ullam.', 66, '2022-11-14 15:23:54', '2022-11-14 15:23:54', 34, 4, 22, '1991-04-17 15:32:22'),
(255, 'Illum odio et.', 17, 'Quos odio est ad beatae dignissimos. Ullam dolores velit eius tenetur facere incidunt. Laborum rerum hic ad quia. Distinctio expedita et veritatis accusamus.', 61, '2022-11-14 15:23:54', '2022-11-14 15:23:54', 27, 169, 20, '1988-10-19 03:36:50'),
(256, 'Tenetur nemo dolor.', 11, 'Ipsam aliquid consequatur voluptas in adipisci. Quaerat natus aliquam tempora a vel nesciunt velit totam. Sapiente fugit reprehenderit nesciunt omnis ab. Voluptatem quod sapiente sequi libero.', 14, '2022-11-14 15:23:54', '2022-11-14 15:23:54', 85, -48, -22, '1977-10-21 03:39:44'),
(257, 'Vel neque ex et a.', 11, 'Veritatis impedit minus nemo delectus maxime cum. Rerum deleniti voluptas praesentium maiores corporis id adipisci. Saepe repellendus repellendus vel occaecati neque porro autem unde.', 23, '2022-11-14 15:23:54', '2022-11-14 15:23:54', 22, 29, -10, '2020-06-28 03:35:34'),
(258, 'Quis molestiae.', 36, 'Nulla quis officiis earum voluptatem nemo et quia distinctio. Blanditiis eos facilis nam hic dolorem. Aliquam sequi quos omnis nulla nihil molestiae. Sapiente neque quisquam odio porro vero.', 60, '2022-11-14 15:23:54', '2022-11-14 15:23:54', 46, 42, 6, '2009-07-15 09:50:48'),
(259, 'Et quidem nobis.', 30, 'Sapiente harum corrupti est iusto ad amet. Consequatur voluptatibus minus nemo. Placeat nesciunt laudantium maxime molestiae earum libero optio.', 65, '2022-11-14 15:23:54', '2022-11-14 15:23:54', 74, -178, -68, '1979-02-16 01:34:39'),
(260, 'Facere minus odio.', 19, 'Neque pariatur rerum et et. Provident dolor velit iusto hic quod laudantium. Dicta sed non fugiat quod voluptate.', 11, '2022-11-14 15:23:54', '2022-11-14 15:23:54', 97, 129, 29, '2019-02-15 09:31:07'),
(261, 'Tenetur minima.', 29, 'Reprehenderit a dolor praesentium aperiam iste. Ipsum expedita illum odit corporis. Qui exercitationem numquam accusantium veritatis nihil.', 19, '2022-11-14 15:23:54', '2022-11-14 15:23:54', 44, -34, 82, '1993-07-12 13:23:07'),
(262, 'Voluptatum eos cum.', 12, 'Autem recusandae consectetur eos non a nihil error. Quia perferendis fugit unde. Modi molestias ducimus ex.', 32, '2022-11-14 15:23:54', '2022-11-14 15:23:54', 95, -112, -41, '1992-03-23 12:02:57'),
(263, 'Eum est rerum esse.', 5, 'Aspernatur est exercitationem beatae quod cum dolores reprehenderit. Itaque reprehenderit placeat quibusdam nihil dignissimos quod.', 17, '2022-11-14 15:23:54', '2022-11-14 15:23:54', 94, -16, -71, '1977-10-11 07:38:02'),
(264, 'Accusamus neque et.', 49, 'Doloremque odit esse ut doloremque autem. Commodi repellat odio a molestias laboriosam eos. Nisi earum quas itaque ducimus quasi ut qui.', 61, '2022-11-14 15:23:54', '2022-11-14 15:23:54', 27, -131, -77, '2019-09-30 06:14:04'),
(265, 'Dolorem iure.', 25, 'Facilis consequuntur repudiandae rerum rerum modi enim vel. Eveniet praesentium culpa ex corrupti ea. Ipsam beatae placeat quis unde recusandae ducimus modi excepturi.', 70, '2022-11-14 15:23:54', '2022-11-14 15:23:54', 99, -117, -74, '1998-02-12 02:08:47'),
(266, 'Fugiat ducimus qui.', 46, 'Sapiente reprehenderit ut ducimus nihil quia nihil expedita at. Quas aliquid quod eligendi non. Impedit unde ipsa quasi laborum.', 26, '2022-11-14 15:23:54', '2022-11-14 15:23:54', 70, 179, 10, '2015-09-17 05:08:38'),
(267, 'Qui repudiandae.', 1, 'Veritatis qui similique id. Recusandae animi repellat iste quae reprehenderit sunt.', 80, '2022-11-14 15:23:54', '2022-11-14 15:23:54', 71, 150, 78, '2008-02-15 18:44:40'),
(268, 'Ab fuga minima.', 38, 'Labore minima et aspernatur nesciunt possimus aut. Nulla officia error vero molestiae possimus.', 40, '2022-11-14 15:23:54', '2022-11-14 15:23:54', 69, -78, -68, '2014-08-17 23:45:37'),
(269, 'Vitae quaerat.', 50, 'Rerum dolore est ut molestias amet minus corporis. Eveniet laborum magni repellendus rerum harum. Voluptatem sit est nisi blanditiis dolor aut.', 21, '2022-11-14 15:23:54', '2022-11-14 15:23:54', 45, 55, 87, '2018-05-27 18:55:41'),
(270, 'Voluptas magnam.', 19, 'Qui dignissimos odit odio voluptatum ea iure maiores. Corporis sit accusantium aut vel. Incidunt rerum sapiente placeat ducimus at soluta harum.', 13, '2022-11-14 15:23:54', '2022-11-14 15:23:54', 28, 145, 25, '1982-06-23 21:51:09'),
(271, 'Eveniet aut eum.', 44, 'Et eos sed rerum pariatur dolores. Soluta praesentium molestias inventore architecto. Sunt atque repellendus tempora nobis.', 59, '2022-11-14 15:23:54', '2022-11-14 15:23:54', 73, 26, 66, '1987-04-21 15:54:51'),
(272, 'Molestias ipsam.', 49, 'A doloremque atque quo natus. Consequatur qui ut eaque est neque aperiam. Fuga ut dolorem qui reprehenderit non numquam odio. Facilis qui saepe repellat.', 67, '2022-11-14 15:23:54', '2022-11-14 15:23:54', 26, 5, -18, '1975-10-26 06:29:58'),
(273, 'Voluptas saepe amet.', 6, 'Facere molestias quo omnis consequuntur possimus pariatur corporis consequatur. Exercitationem quas eaque ratione alias quidem maiores. Aliquid vitae voluptate quas vero aperiam voluptatem est.', 35, '2022-11-14 15:23:54', '2022-11-14 15:23:54', 81, -171, -22, '1972-04-18 15:31:12'),
(274, 'Ea error officia.', 47, 'Et illo porro sint et quasi provident. Autem inventore assumenda hic alias. Omnis reiciendis aut voluptas ut. Modi sed nulla sit. Sunt in molestias maxime ea nihil.', 18, '2022-11-14 15:23:54', '2022-11-14 15:23:54', 70, -130, 25, '1976-10-24 05:38:54'),
(275, 'Voluptas molestiae.', 48, 'Reiciendis dolorem amet atque omnis. Fuga cupiditate neque architecto est amet.', 98, '2022-11-14 15:23:54', '2022-11-14 15:23:54', 97, -85, -52, '1982-11-10 19:59:06'),
(276, 'Ut tempora dolorum.', 19, 'Assumenda mollitia aut ipsum rem placeat quia accusamus. Quo non reiciendis ratione asperiores magnam qui. Nihil maxime soluta sunt labore fugit.', 67, '2022-11-14 15:23:54', '2022-11-14 15:23:54', 69, 76, 14, '2017-04-13 10:12:28'),
(277, 'Neque quos nulla.', 31, 'Voluptatum ab minima blanditiis facilis et possimus architecto. Rerum modi impedit qui quo. Voluptatibus sunt suscipit ut quia.', 23, '2022-11-14 15:23:54', '2022-11-14 15:23:54', 59, 165, -90, '2016-07-07 18:11:51'),
(278, 'Et recusandae id.', 26, 'Vero molestiae porro tempore voluptatibus. Quo sit dicta quaerat sint consequatur perferendis veniam. Vel non architecto et dolorem eum illo itaque. Quam sequi non enim adipisci.', 84, '2022-11-14 15:23:54', '2022-11-14 15:23:54', 95, -96, 9, '1996-10-28 15:34:57'),
(279, 'Dignissimos aut.', 12, 'Aut sed modi ratione voluptatem nesciunt. Ipsum nihil velit sit pariatur laboriosam quidem. Exercitationem voluptatem provident doloribus recusandae vel voluptatem necessitatibus minus.', 46, '2022-11-14 15:23:54', '2022-11-14 15:23:54', 85, 67, -9, '2020-02-25 23:18:46'),
(280, 'Excepturi a maiores.', 26, 'Unde ab minima sed ut. A hic eum quasi itaque. Adipisci rerum quam id reiciendis.', 19, '2022-11-14 15:23:54', '2022-11-14 15:23:54', 85, 100, 35, '1983-11-09 07:34:08'),
(281, 'Quis quia tempora.', 7, 'Quia magni ut aut ut modi modi nihil. Est illo iusto odit ipsa id dolore aliquid. Ut veniam esse et in architecto. Quae laboriosam cupiditate hic unde.', 66, '2022-11-14 15:23:54', '2022-11-14 15:23:54', 74, 58, -33, '2006-02-15 20:39:45'),
(282, 'Minus tenetur.', 27, 'Eaque voluptates porro nemo nisi. Perferendis distinctio eos quia natus harum non. Itaque et iste quis assumenda.', 96, '2022-11-14 15:23:54', '2022-11-14 15:23:54', 88, 66, 57, '2019-08-14 07:25:17'),
(283, 'Commodi sed.', 50, 'Et at illo a ullam. Qui aut sunt ea aut sit. Quae vero dolor eos dicta qui enim numquam rerum. Quaerat veritatis sunt consequuntur vitae dolorem sit soluta. Neque sit quas aut hic.', 24, '2022-11-14 15:23:54', '2022-11-14 15:23:54', 90, 124, 58, '1995-07-17 08:49:06'),
(284, 'Ad voluptatem.', 9, 'Ut fugit fugit facilis id. Ex sint quis quas sequi nihil sed.', 54, '2022-11-14 15:23:54', '2022-11-14 15:23:54', 79, -62, -14, '1981-07-16 20:28:28'),
(285, 'Omnis velit nihil.', 39, 'Velit dolorem optio ut dolorum rerum. Voluptatum quam ipsam aut sit. Accusamus molestiae eveniet et qui natus et id. Aliquam rerum alias veritatis ut deserunt ullam harum.', 37, '2022-11-14 15:23:54', '2022-11-14 15:23:54', 26, -35, 59, '1975-12-09 03:27:31'),
(286, 'Earum autem.', 24, 'Itaque et vero natus nemo ea quasi. Molestiae nihil illo qui libero harum. Et qui magnam earum voluptas vitae.', 19, '2022-11-14 15:23:54', '2022-11-14 15:23:54', 67, 137, 23, '2016-09-11 05:33:31'),
(287, 'Id dolorem vero non.', 36, 'Magnam et soluta sunt voluptatum atque. Voluptatem aperiam ad id fugiat.', 19, '2022-11-14 15:23:54', '2022-11-14 15:23:54', 83, -30, -5, '1974-01-07 22:58:22'),
(288, 'Quo laudantium.', 16, 'Voluptatibus nulla dolor aut in deleniti officia enim. Rerum sed neque voluptas ut qui libero.', 65, '2022-11-14 15:23:54', '2022-11-14 15:23:54', 91, -56, -39, '2006-08-06 19:09:42'),
(289, 'Repellat doloremque.', 32, 'Non non voluptas consequatur et voluptatem corrupti. Eveniet ex aliquid sed corporis quis magni inventore fuga. Non corporis aut adipisci velit aut.', 23, '2022-11-14 15:23:54', '2022-11-14 15:23:54', 88, -38, 7, '2002-11-08 12:02:48'),
(290, 'Aliquid quis.', 32, 'Ea odit dolor voluptas voluptatem. At voluptatem provident sit magni saepe est sit. Voluptate unde placeat maxime nihil non.', 48, '2022-11-14 15:23:54', '2022-11-14 15:23:54', 59, -8, 3, '2005-01-11 03:00:47'),
(291, 'Vitae aut laborum.', 10, 'Ipsum quod expedita illo reiciendis. Mollitia quo id fugiat quos ut molestiae dolorem. Iusto voluptas expedita numquam eveniet rem provident iure. Illo officia enim facere corporis expedita autem.', 34, '2022-11-14 15:23:54', '2022-11-14 15:23:54', 82, 143, -49, '1999-02-07 00:50:34'),
(292, 'Quasi animi fugit.', 17, 'Dolores odio quam sunt omnis. Veniam est eos ab est eum. Maiores voluptatem officiis ullam quos nobis consequatur.', 26, '2022-11-14 15:23:54', '2022-11-14 15:23:54', 82, -43, -80, '1994-04-14 09:15:16'),
(293, 'Nisi commodi sint.', 44, 'Et aspernatur et error cupiditate ratione ullam temporibus. Porro et amet dolores nisi molestiae. Et molestias sunt eos et officia eligendi.', 40, '2022-11-14 15:23:54', '2022-11-14 15:23:54', 75, 158, -64, '2014-12-04 17:23:37'),
(294, 'Ab at optio quis.', 26, 'Quae numquam placeat deleniti minima est. Dolore commodi minus necessitatibus quia velit. Qui voluptatem beatae et deleniti aut tenetur non. In ea maxime alias consectetur ipsum.', 54, '2022-11-14 15:23:54', '2022-11-14 15:23:54', 20, -135, -56, '1974-08-30 23:28:57'),
(295, 'Dolores animi nisi.', 15, 'Cumque harum ut dolorem pariatur. Officiis et aspernatur enim illum. Doloremque quam dolor voluptatem. Laboriosam corrupti cum id natus. Veritatis ut blanditiis eos nihil. Sit illo laborum tempora.', 44, '2022-11-14 15:23:54', '2022-11-14 15:23:54', 73, -133, -38, '2022-01-10 20:10:22'),
(296, 'Nam necessitatibus.', 41, 'Veniam quaerat sequi quam doloribus ut enim. Dolor et pariatur molestiae quo perspiciatis.', 7, '2022-11-14 15:23:54', '2022-11-14 15:23:54', 86, 32, 4, '2020-05-31 10:28:48'),
(297, 'Veritatis molestiae.', 1, 'Voluptas numquam quod doloribus. Sint voluptate doloribus quo nulla quasi vitae ut. Et rerum assumenda sit dolorum sequi voluptate consequuntur ipsa.', 4, '2022-11-14 15:23:54', '2022-11-14 15:23:54', 73, 120, -56, '1975-09-07 06:39:46'),
(298, 'Labore accusantium.', 27, 'Enim fugit fuga vel sit. Cumque officiis aut magni cupiditate quidem. Debitis ipsum quo magni officiis. Tenetur aperiam aut voluptate rerum architecto eum excepturi fugit.', 84, '2022-11-14 15:23:54', '2022-11-14 15:23:54', 63, 172, -30, '1993-05-11 11:06:45'),
(299, 'Perspiciatis ipsa.', 6, 'Quis eum possimus voluptas deserunt velit rerum. Est deleniti perspiciatis commodi doloribus maxime ut ut delectus. Dolorem non culpa sit aut itaque inventore qui. Enim deserunt enim animi ut enim.', 35, '2022-11-14 15:23:54', '2022-11-14 15:23:54', 75, 159, 45, '1995-12-09 04:01:14'),
(300, 'Non consequatur quo.', 35, 'Illo repudiandae hic quo rerum maiores. Numquam neque quis sit. Ratione non esse natus qui nemo qui. In et soluta dolor sunt quia quia.', 98, '2022-11-14 15:23:54', '2022-11-14 15:23:54', 55, 179, 35, '2002-04-15 14:55:58');

-- --------------------------------------------------------

--
-- Structure de la table `atelier1__keyword`
--

CREATE TABLE `atelier1__keyword` (
  `id` int(11) NOT NULL,
  `gallery_id` int(11) DEFAULT NULL,
  `image_id` int(11) DEFAULT NULL,
  `content` varchar(256) NOT NULL
) ENGINE=MyISAM DEFAULT CHARSET=latin1;

--
-- Déchargement des données de la table `atelier1__keyword`
--

INSERT INTO `atelier1__keyword` (`id`, `gallery_id`, `image_id`, `content`) VALUES
(1, 5, NULL, 'blanditiis'),
(2, 99, NULL, 'quia'),
(3, 10, NULL, 'minima'),
(4, 21, NULL, 'et'),
(5, NULL, 176, 'dolor'),
(6, 87, NULL, 'rerum'),
(7, 81, NULL, 'aut'),
(8, NULL, 259, 'repellendus'),
(9, NULL, 124, 'sapiente'),
(10, NULL, 7, 'esse'),
(11, 92, NULL, 'veniam'),
(12, 74, NULL, 'facere'),
(13, 92, NULL, 'in'),
(14, NULL, 111, 'est'),
(15, NULL, 88, 'perspiciatis'),
(16, 34, NULL, 'veritatis'),
(17, 26, NULL, 'esse'),
(18, 88, NULL, 'voluptates'),
(19, 59, NULL, 'voluptatibus'),
(20, 31, NULL, 'non'),
(21, 73, NULL, 'architecto'),
(22, 76, NULL, 'eos'),
(23, NULL, 31, 'et'),
(24, 19, NULL, 'facilis'),
(25, 47, NULL, 'nisi'),
(26, 89, NULL, 'tempore'),
(27, NULL, 100, 'adipisci'),
(28, NULL, 9, 'velit'),
(29, 5, NULL, 'cum'),
(30, 33, NULL, 'quaerat'),
(31, NULL, 201, 'qui'),
(32, 85, NULL, 'asperiores'),
(33, NULL, 97, 'quis'),
(34, 98, NULL, 'sequi'),
(35, 50, NULL, 'quia'),
(36, NULL, 31, 'sint'),
(37, 64, NULL, 'labore'),
(38, NULL, 184, 'doloremque'),
(39, NULL, 275, 'adipisci'),
(40, 91, NULL, 'et'),
(41, NULL, 93, 'dolorum'),
(42, 38, NULL, 'repellendus'),
(43, 92, NULL, 'quaerat'),
(44, NULL, 270, 'fugit'),
(45, 45, NULL, 'consequuntur'),
(46, NULL, 113, 'eveniet'),
(47, 54, NULL, 'veniam'),
(48, 93, NULL, 'consequatur'),
(49, NULL, 201, 'quo'),
(50, NULL, 213, 'quis'),
(51, NULL, 274, 'quo'),
(52, 69, NULL, 'reprehenderit'),
(53, 2, NULL, 'consequuntur'),
(54, NULL, 210, 'aspernatur'),
(55, 72, NULL, 'quia'),
(56, NULL, 227, 'nihil'),
(57, 64, NULL, 'aperiam'),
(58, NULL, 66, 'dolor'),
(59, 38, NULL, 'repellendus'),
(60, 17, NULL, 'in'),
(61, 60, NULL, 'ex'),
(62, NULL, 184, 'doloribus'),
(63, NULL, 285, 'temporibus'),
(64, 5, NULL, 'maxime'),
(65, NULL, 169, 'eos'),
(66, 82, NULL, 'iure'),
(67, 39, NULL, 'facilis'),
(68, 65, NULL, 'placeat'),
(69, 1, NULL, 'sapiente'),
(70, 75, NULL, 'voluptatibus'),
(71, NULL, 146, 'tempora'),
(72, 35, NULL, 'vel'),
(73, NULL, 254, 'explicabo'),
(74, 64, NULL, 'ea'),
(75, NULL, 89, 'quasi'),
(76, 73, NULL, 'perferendis'),
(77, 1, NULL, 'dolores'),
(78, NULL, 204, 'voluptates'),
(79, NULL, 184, 'aut'),
(80, 43, NULL, 'totam'),
(81, NULL, 127, 'nobis'),
(82, 29, NULL, 'quod'),
(83, NULL, 158, 'molestiae'),
(84, NULL, 136, 'alias'),
(85, 45, NULL, 'id'),
(86, NULL, 162, 'sint'),
(87, NULL, 24, 'omnis'),
(88, NULL, 271, 'accusantium'),
(89, 11, NULL, 'rerum'),
(90, NULL, 203, 'accusamus'),
(91, 85, NULL, 'quam'),
(92, 70, NULL, 'repellat'),
(93, NULL, 29, 'nostrum'),
(94, 62, NULL, 'laudantium'),
(95, NULL, 89, 'voluptate'),
(96, 76, NULL, 'autem'),
(97, 95, NULL, 'nam'),
(98, 2, NULL, 'qui'),
(99, 11, NULL, 'vero'),
(100, 49, NULL, 'rerum'),
(101, NULL, 188, 'odit'),
(102, 34, NULL, 'dicta'),
(103, 16, NULL, 'alias'),
(104, NULL, 74, 'cumque'),
(105, NULL, 46, 'error'),
(106, 15, NULL, 'ea'),
(107, NULL, 84, 'fuga'),
(108, NULL, 55, 'et'),
(109, NULL, 67, 'suscipit'),
(110, NULL, 78, 'aperiam'),
(111, NULL, 257, 'blanditiis'),
(112, NULL, 91, 'enim'),
(113, 23, NULL, 'molestias'),
(114, 15, NULL, 'distinctio'),
(115, NULL, 32, 'quae'),
(116, 94, NULL, 'natus'),
(117, NULL, 54, 'dicta'),
(118, 9, NULL, 'quis'),
(119, 52, NULL, 'ut'),
(120, 38, NULL, 'et'),
(121, 100, NULL, 'corporis'),
(122, NULL, 236, 'perferendis'),
(123, 9, NULL, 'sint'),
(124, NULL, 261, 'voluptas'),
(125, NULL, 87, 'expedita'),
(126, NULL, 209, 'necessitatibus'),
(127, NULL, 88, 'deserunt'),
(128, 70, NULL, 'perspiciatis'),
(129, NULL, 274, 'non'),
(130, NULL, 50, 'est'),
(131, NULL, 101, 'nesciunt'),
(132, 79, NULL, 'neque'),
(133, NULL, 207, 'occaecati'),
(134, 48, NULL, 'repudiandae'),
(135, 67, NULL, 'enim'),
(136, 17, NULL, 'quod'),
(137, 51, NULL, 'impedit'),
(138, 18, NULL, 'veritatis'),
(139, NULL, 94, 'mollitia'),
(140, 77, NULL, 'ex'),
(141, NULL, 14, 'quaerat'),
(142, 42, NULL, 'quasi'),
(143, NULL, 252, 'architecto'),
(144, NULL, 23, 'sunt'),
(145, NULL, 63, 'sed'),
(146, NULL, 188, 'cumque'),
(147, 7, NULL, 'omnis'),
(148, 28, NULL, 'laudantium'),
(149, 71, NULL, 'iste'),
(150, 24, NULL, 'ut'),
(151, 80, NULL, 'assumenda'),
(152, 57, NULL, 'vitae'),
(153, 26, NULL, 'et'),
(154, NULL, 107, 'et'),
(155, 14, NULL, 'porro'),
(156, 67, NULL, 'quo'),
(157, 80, NULL, 'error'),
(158, NULL, 172, 'nam'),
(159, 70, NULL, 'voluptas'),
(160, 12, NULL, 'enim'),
(161, NULL, 24, 'officia'),
(162, NULL, 106, 'id'),
(163, 80, NULL, 'dolor'),
(164, NULL, 39, 'hic'),
(165, NULL, 162, 'voluptates'),
(166, NULL, 275, 'esse'),
(167, 97, NULL, 'recusandae'),
(168, 63, NULL, 'rerum'),
(169, 24, NULL, 'quos'),
(170, 46, NULL, 'ipsam'),
(171, NULL, 63, 'libero'),
(172, 73, NULL, 'voluptatibus'),
(173, NULL, 254, 'qui'),
(174, NULL, 200, 'quasi'),
(175, NULL, 201, 'quod'),
(176, 55, NULL, 'distinctio'),
(177, NULL, 172, 'accusantium'),
(178, 57, NULL, 'sunt'),
(179, 2, NULL, 'sapiente'),
(180, 3, NULL, 'nihil'),
(181, NULL, 110, 'odit'),
(182, 50, NULL, 'dignissimos'),
(183, NULL, 160, 'quam'),
(184, 34, NULL, 'at'),
(185, 93, NULL, 'dolorum'),
(186, NULL, 144, 'rem'),
(187, 58, NULL, 'quasi'),
(188, 61, NULL, 'voluptatem'),
(189, 38, NULL, 'sit'),
(190, 91, NULL, 'odit'),
(191, NULL, 209, 'omnis'),
(192, 72, NULL, 'placeat'),
(193, NULL, 14, 'quia'),
(194, NULL, 13, 'et'),
(195, 53, NULL, 'est'),
(196, 61, NULL, 'perspiciatis'),
(197, 46, NULL, 'dolores'),
(198, 12, NULL, 'architecto'),
(199, 34, NULL, 'nesciunt'),
(200, NULL, 286, 'aliquam'),
(201, 90, NULL, 'quaerat'),
(202, 20, NULL, 'qui'),
(203, 26, NULL, 'est'),
(204, NULL, 102, 'perferendis'),
(205, 18, NULL, 'sit'),
(206, NULL, 256, 'facere'),
(207, 98, NULL, 'et'),
(208, 34, NULL, 'et'),
(209, NULL, 219, 'deserunt'),
(210, 97, NULL, 'quis'),
(211, NULL, 166, 'deserunt'),
(212, NULL, 124, 'temporibus'),
(213, NULL, 184, 'a'),
(214, NULL, 295, 'aut'),
(215, NULL, 129, 'iusto'),
(216, 60, NULL, 'debitis'),
(217, 51, NULL, 'et'),
(218, 29, NULL, 'ratione'),
(219, NULL, 122, 'aut'),
(220, NULL, 65, 'ullam'),
(221, 32, NULL, 'magnam'),
(222, 22, NULL, 'accusamus'),
(223, NULL, 182, 'magnam'),
(224, 6, NULL, 'et'),
(225, NULL, 7, 'non'),
(226, NULL, 83, 'ut'),
(227, NULL, 248, 'quaerat'),
(228, NULL, 241, 'corrupti'),
(229, NULL, 184, 'nisi'),
(230, NULL, 44, 'quos'),
(231, 48, NULL, 'tempore'),
(232, NULL, 186, 'deserunt'),
(233, 29, NULL, 'amet'),
(234, 7, NULL, 'ad'),
(235, NULL, 127, 'labore'),
(236, 11, NULL, 'quam'),
(237, 8, NULL, 'id'),
(238, NULL, 187, 'esse'),
(239, 34, NULL, 'tempora'),
(240, NULL, 117, 'tempora'),
(241, 63, NULL, 'asperiores'),
(242, NULL, 182, 'consectetur'),
(243, NULL, 266, 'minus'),
(244, NULL, 192, 'aut'),
(245, 10, NULL, 'officiis'),
(246, 60, NULL, 'occaecati'),
(247, NULL, 40, 'nam'),
(248, 68, NULL, 'quasi'),
(249, 81, NULL, 'eaque'),
(250, NULL, 117, 'aut'),
(251, 50, NULL, 'placeat'),
(252, NULL, 299, 'fuga'),
(253, NULL, 59, 'maiores'),
(254, 53, NULL, 'reiciendis'),
(255, NULL, 43, 'et'),
(256, NULL, 230, 'sit'),
(257, 57, NULL, 'est'),
(258, 84, NULL, 'dolores'),
(259, 31, NULL, 'et'),
(260, NULL, 25, 'provident'),
(261, 24, NULL, 'culpa'),
(262, 30, NULL, 'vero'),
(263, NULL, 74, 'minus'),
(264, NULL, 290, 'maiores'),
(265, 11, NULL, 'officia'),
(266, 6, NULL, 'et'),
(267, 47, NULL, 'illo'),
(268, 51, NULL, 'sed'),
(269, 15, NULL, 'autem'),
(270, 48, NULL, 'iure'),
(271, NULL, 93, 'non'),
(272, NULL, 292, 'animi'),
(273, NULL, 32, 'repellendus'),
(274, NULL, 161, 'et'),
(275, 7, NULL, 'possimus'),
(276, 39, NULL, 'ut'),
(277, 92, NULL, 'est'),
(278, NULL, 295, 'consequuntur'),
(279, NULL, 132, 'sapiente'),
(280, 2, NULL, 'autem'),
(281, 36, NULL, 'illum'),
(282, 53, NULL, 'aut'),
(283, 13, NULL, 'voluptatem'),
(284, NULL, 56, 'consequatur'),
(285, NULL, 43, 'omnis'),
(286, NULL, 70, 'nisi'),
(287, 78, NULL, 'voluptatem'),
(288, 30, NULL, 'culpa'),
(289, 17, NULL, 'sint'),
(290, NULL, 133, 'consequuntur'),
(291, NULL, 196, 'qui'),
(292, NULL, 103, 'porro'),
(293, 93, NULL, 'voluptatem'),
(294, NULL, 211, 'vero'),
(295, NULL, 286, 'fugiat'),
(296, NULL, 110, 'est'),
(297, NULL, 89, 'sit'),
(298, NULL, 266, 'ut'),
(299, NULL, 140, 'dignissimos'),
(300, NULL, 118, 'est'),
(301, NULL, 20, 'est'),
(302, 97, NULL, 'qui'),
(303, 71, NULL, 'suscipit'),
(304, 80, NULL, 'quod'),
(305, NULL, 294, 'molestias'),
(306, 20, NULL, 'corporis'),
(307, NULL, 133, 'sint'),
(308, 87, NULL, 'eaque'),
(309, NULL, 9, 'magnam'),
(310, NULL, 104, 'voluptatem'),
(311, 45, NULL, 'labore'),
(312, 20, NULL, 'quia'),
(313, 29, NULL, 'suscipit'),
(314, NULL, 40, 'est'),
(315, 42, NULL, 'et'),
(316, NULL, 117, 'ut'),
(317, 67, NULL, 'ea'),
(318, 47, NULL, 'ut'),
(319, 33, NULL, 'laudantium'),
(320, 22, NULL, 'culpa'),
(321, NULL, 105, 'a'),
(322, NULL, 207, 'iste'),
(323, 27, NULL, 'nihil'),
(324, NULL, 237, 'pariatur'),
(325, 86, NULL, 'sit'),
(326, NULL, 123, 'qui'),
(327, NULL, 137, 'ipsa'),
(328, 59, NULL, 'praesentium'),
(329, NULL, 285, 'aut'),
(330, NULL, 50, 'accusamus'),
(331, 49, NULL, 'sit'),
(332, 39, NULL, 'omnis'),
(333, 91, NULL, 'dolor'),
(334, NULL, 26, 'qui'),
(335, 38, NULL, 'voluptas'),
(336, NULL, 295, 'placeat'),
(337, NULL, 116, 'omnis'),
(338, NULL, 92, 'voluptatum'),
(339, 36, NULL, 'sapiente'),
(340, NULL, 91, 'doloribus'),
(341, 35, NULL, 'autem'),
(342, NULL, 280, 'aut'),
(343, 73, NULL, 'laborum'),
(344, 80, NULL, 'ducimus'),
(345, 64, NULL, 'qui'),
(346, 79, NULL, 'illo'),
(347, 85, NULL, 'ad'),
(348, NULL, 68, 'et'),
(349, NULL, 209, 'rem'),
(350, 57, NULL, 'iusto'),
(351, NULL, 136, 'cumque'),
(352, NULL, 274, 'excepturi'),
(353, NULL, 10, 'cumque'),
(354, NULL, 66, 'quia'),
(355, 21, NULL, 'enim'),
(356, 57, NULL, 'deleniti'),
(357, NULL, 268, 'voluptas'),
(358, 71, NULL, 'consectetur'),
(359, 66, NULL, 'enim'),
(360, NULL, 1, 'eum'),
(361, NULL, 218, 'aliquid'),
(362, NULL, 99, 'accusamus'),
(363, 92, NULL, 'doloremque'),
(364, NULL, 49, 'quos'),
(365, NULL, 128, 'voluptatibus'),
(366, 3, NULL, 'odio'),
(367, NULL, 151, 'possimus'),
(368, NULL, 42, 'aut'),
(369, 77, NULL, 'odio'),
(370, 18, NULL, 'nemo'),
(371, NULL, 275, 'voluptates'),
(372, NULL, 208, 'culpa'),
(373, NULL, 177, 'blanditiis'),
(374, 62, NULL, 'architecto'),
(375, 73, NULL, 'iste'),
(376, NULL, 101, 'nam'),
(377, 58, NULL, 'animi'),
(378, NULL, 282, 'dignissimos'),
(379, NULL, 225, 'tempore'),
(380, NULL, 97, 'voluptas'),
(381, 6, NULL, 'reiciendis'),
(382, NULL, 37, 'delectus'),
(383, 89, NULL, 'rerum'),
(384, NULL, 156, 'qui'),
(385, NULL, 94, 'at'),
(386, 46, NULL, 'facere'),
(387, NULL, 269, 'iure'),
(388, NULL, 96, 'officiis'),
(389, 83, NULL, 'qui'),
(390, NULL, 259, 'quod'),
(391, NULL, 266, 'deserunt'),
(392, NULL, 299, 'ea'),
(393, 67, NULL, 'qui'),
(394, NULL, 108, 'quibusdam'),
(395, NULL, 253, 'ullam'),
(396, NULL, 107, 'ullam'),
(397, NULL, 230, 'cupiditate'),
(398, 32, NULL, 'sint'),
(399, 19, NULL, 'tempore'),
(400, 97, NULL, 'quam'),
(401, NULL, 216, 'voluptas'),
(402, 42, NULL, 'voluptas'),
(403, NULL, 12, 'est'),
(404, NULL, 126, 'assumenda'),
(405, 2, NULL, 'dolorum'),
(406, 59, NULL, 'ab'),
(407, NULL, 139, 'culpa'),
(408, NULL, 11, 'veniam'),
(409, 28, NULL, 'natus'),
(410, 69, NULL, 'qui'),
(411, NULL, 290, 'quo'),
(412, 16, NULL, 'odit'),
(413, NULL, 93, 'neque'),
(414, 56, NULL, 'placeat'),
(415, NULL, 265, 'quas'),
(416, NULL, 100, 'aut'),
(417, 12, NULL, 'eligendi'),
(418, NULL, 237, 'reprehenderit'),
(419, 33, NULL, 'illum'),
(420, 71, NULL, 'quaerat'),
(421, NULL, 135, 'suscipit'),
(422, NULL, 160, 'odio'),
(423, 98, NULL, 'quo'),
(424, 56, NULL, 'ullam'),
(425, 5, NULL, 'consequatur'),
(426, NULL, 206, 'illo'),
(427, NULL, 172, 'vel'),
(428, NULL, 120, 'voluptas'),
(429, NULL, 132, 'sapiente'),
(430, 81, NULL, 'reprehenderit'),
(431, 98, NULL, 'iure'),
(432, NULL, 190, 'iusto'),
(433, NULL, 270, 'aut'),
(434, 56, NULL, 'ipsa'),
(435, NULL, 149, 'nesciunt'),
(436, NULL, 249, 'laboriosam'),
(437, 13, NULL, 'occaecati'),
(438, 30, NULL, 'reiciendis'),
(439, NULL, 148, 'et'),
(440, 59, NULL, 'quia'),
(441, NULL, 144, 'quae'),
(442, 10, NULL, 'consequatur'),
(443, NULL, 235, 'ut'),
(444, 9, NULL, 'pariatur'),
(445, 21, NULL, 'vel'),
(446, NULL, 18, 'aliquid'),
(447, 60, NULL, 'ut'),
(448, 75, NULL, 'deserunt'),
(449, NULL, 191, 'voluptates'),
(450, NULL, 18, 'modi'),
(451, NULL, 156, 'sit'),
(452, NULL, 223, 'provident'),
(453, 7, NULL, 'cupiditate'),
(454, NULL, 13, 'ut'),
(455, 38, NULL, 'est'),
(456, NULL, 205, 'ullam'),
(457, 73, NULL, 'laudantium'),
(458, NULL, 17, 'ipsa'),
(459, 43, NULL, 'fugiat'),
(460, NULL, 214, 'praesentium'),
(461, 69, NULL, 'omnis'),
(462, NULL, 98, 'nulla'),
(463, 81, NULL, 'asperiores'),
(464, 43, NULL, 'voluptatibus'),
(465, NULL, 208, 'et'),
(466, 26, NULL, 'facilis'),
(467, 71, NULL, 'ipsam'),
(468, 75, NULL, 'repellat'),
(469, 65, NULL, 'nisi'),
(470, NULL, 246, 'ut'),
(471, 58, NULL, 'illum'),
(472, NULL, 251, 'sint'),
(473, NULL, 187, 'hic'),
(474, NULL, 224, 'quisquam'),
(475, 64, NULL, 'reiciendis'),
(476, 17, NULL, 'voluptatibus'),
(477, 85, NULL, 'iste'),
(478, NULL, 256, 'et'),
(479, 30, NULL, 'perspiciatis'),
(480, NULL, 24, 'id'),
(481, 25, NULL, 'aut'),
(482, NULL, 111, 'nihil'),
(483, NULL, 72, 'expedita'),
(484, 36, NULL, 'consectetur'),
(485, NULL, 109, 'eveniet'),
(486, NULL, 83, 'id'),
(487, NULL, 208, 'illum'),
(488, NULL, 194, 'enim'),
(489, 63, NULL, 'ut'),
(490, NULL, 152, 'et'),
(491, NULL, 258, 'ad'),
(492, 53, NULL, 'vitae'),
(493, NULL, 153, 'et'),
(494, 29, NULL, 'laboriosam'),
(495, NULL, 7, 'aliquid'),
(496, 3, NULL, 'ut'),
(497, NULL, 103, 'enim'),
(498, 69, NULL, 'ipsa'),
(499, NULL, 183, 'harum'),
(500, NULL, 245, 'necessitatibus');

-- --------------------------------------------------------

--
-- Structure de la table `atelier1__user`
--

CREATE TABLE `atelier1__user` (
  `id` int(11) NOT NULL,
  `username` varchar(256) NOT NULL,
  `fullname` varchar(256) NOT NULL,
  `password` varchar(512) NOT NULL,
  `user_level` int(11) DEFAULT NULL
) ENGINE=MyISAM DEFAULT CHARSET=latin1;

--
-- Déchargement des données de la table `atelier1__user`
--

INSERT INTO `atelier1__user` (`id`, `username`, `fullname`, `password`, `user_level`) VALUES
(1, 'franecki.robbie25', 'Franecki Robbie', '', NULL),
(2, 'gorczany.brandy64', 'Gorczany Brandy', '', NULL),
(3, 'ondricka.eveline15', 'Ondricka Eveline', '', NULL),
(4, 'daugherty.lurline12', 'Daugherty Lurline', '', NULL),
(5, 'schroeder.marisol43', 'Schroeder Marisol', '', NULL),
(6, 'langosh.armand40', 'Langosh Armand', '', NULL),
(7, 'ebert.camron91', 'Ebert Camron', '', NULL),
(8, 'stroman.leola93', 'Stroman Leola', '', NULL),
(9, 'pfannerstill.marion43', 'Pfannerstill Marion', '', NULL),
(10, 'mertz.kyler7', 'Mertz Kyler', '', NULL),
(11, 'schamberger.ole40', 'Schamberger Ole', '', NULL),
(12, 'moen.santino78', 'Moen Santino', '', NULL),
(13, 'keebler.wilson77', 'Keebler Wilson', '', NULL),
(14, 'jast.emma40', 'Jast Emma', '', NULL),
(15, 'berge.reanna19', 'Berge Reanna', '', NULL),
(16, 'smitham.ford4', 'Smitham Ford', '', NULL),
(17, 'sanford.wilfredo82', 'Sanford Wilfredo', '', NULL),
(18, 'block.jaeden85', 'Block Jaeden', '', NULL),
(19, 'kling.jovan91', 'Kling Jovan', '', NULL),
(20, 'wyman.torey14', 'Wyman Torey', '', NULL),
(21, 'waters.ransom98', 'Waters Ransom', '', NULL),
(22, 'dibbert.shaniya16', 'Dibbert Shaniya', '', NULL),
(23, 'purdy.heaven66', 'Purdy Heaven', '', NULL),
(24, 'nikolaus.wilber28', 'Nikolaus Wilber', '', NULL),
(25, 'funk.kenyon9', 'Funk Kenyon', '', NULL),
(26, 'kassulke.theresia73', 'Kassulke Theresia', '', NULL),
(27, 'zieme.russ43', 'Zieme Russ', '', NULL),
(28, 'champlin.jaclyn83', 'Champlin Jaclyn', '', NULL),
(29, 'haag.domingo36', 'Haag Domingo', '', NULL),
(30, 'fisher.angus15', 'Fisher Angus', '', NULL),
(31, 'treutel.abagail23', 'Treutel Abagail', '', NULL),
(32, 'ryan.shania25', 'Ryan Shania', '', NULL),
(33, 'wilkinson.nicholaus82', 'Wilkinson Nicholaus', '', NULL),
(34, 'will.makenna73', 'Will Makenna', '', NULL),
(35, 'grant.amie95', 'Grant Amie', '', NULL),
(36, 'satterfield.barney59', 'Satterfield Barney', '', NULL),
(37, 'shanahan.anastacio22', 'Shanahan Anastacio', '', NULL),
(38, 'o\'hara.elnora19', 'O\'Hara Elnora', '', NULL),
(39, 'howell.evan63', 'Howell Evan', '', NULL),
(40, 'ledner.sid44', 'Ledner Sid', '', NULL),
(41, 'lueilwitz.lily44', 'Lueilwitz Lily', '', NULL),
(42, 'rau.tremayne46', 'Rau Tremayne', '', NULL),
(43, 'cormier.novella28', 'Cormier Novella', '', NULL),
(44, 'zulauf.savannah55', 'Zulauf Savannah', '', NULL),
(45, 'shanahan.marcia57', 'Shanahan Marcia', '', NULL),
(46, 'fisher.ebba69', 'Fisher Ebba', '', NULL),
(47, 'herman.katlyn62', 'Herman Katlyn', '', NULL),
(48, 'russel.ruby58', 'Russel Ruby', '', NULL),
(49, 'waters.mohammad26', 'Waters Mohammad', '', NULL),
(50, 'kuphal.mandy19', 'Kuphal Mandy', '', NULL);

--
-- Index pour les tables déchargées
--

--
-- Index pour la table `atelier1__access`
--
ALTER TABLE `atelier1__access`
  ADD PRIMARY KEY (`id`);

--
-- Index pour la table `atelier1__comment`
--
ALTER TABLE `atelier1__comment`
  ADD PRIMARY KEY (`id`);

--
-- Index pour la table `atelier1__gallery`
--
ALTER TABLE `atelier1__gallery`
  ADD PRIMARY KEY (`id`);

--
-- Index pour la table `atelier1__image`
--
ALTER TABLE `atelier1__image`
  ADD PRIMARY KEY (`id`);

--
-- Index pour la table `atelier1__keyword`
--
ALTER TABLE `atelier1__keyword`
  ADD PRIMARY KEY (`id`);

--
-- Index pour la table `atelier1__user`
--
ALTER TABLE `atelier1__user`
  ADD PRIMARY KEY (`id`);

--
-- AUTO_INCREMENT pour les tables déchargées
--

--
-- AUTO_INCREMENT pour la table `atelier1__access`
--
ALTER TABLE `atelier1__access`
  MODIFY `id` int(11) NOT NULL AUTO_INCREMENT;

--
-- AUTO_INCREMENT pour la table `atelier1__comment`
--
ALTER TABLE `atelier1__comment`
  MODIFY `id` int(11) NOT NULL AUTO_INCREMENT;

--
-- AUTO_INCREMENT pour la table `atelier1__gallery`
--
ALTER TABLE `atelier1__gallery`
  MODIFY `id` int(11) NOT NULL AUTO_INCREMENT, AUTO_INCREMENT=101;

--
-- AUTO_INCREMENT pour la table `atelier1__image`
--
ALTER TABLE `atelier1__image`
  MODIFY `id` int(11) NOT NULL AUTO_INCREMENT, AUTO_INCREMENT=601;

--
-- AUTO_INCREMENT pour la table `atelier1__keyword`
--
ALTER TABLE `atelier1__keyword`
  MODIFY `id` int(11) NOT NULL AUTO_INCREMENT, AUTO_INCREMENT=501;

--
-- AUTO_INCREMENT pour la table `atelier1__user`
--
ALTER TABLE `atelier1__user`
  MODIFY `id` int(11) NOT NULL AUTO_INCREMENT, AUTO_INCREMENT=51;
COMMIT;

/*!40101 SET CHARACTER_SET_CLIENT=@OLD_CHARACTER_SET_CLIENT */;
/*!40101 SET CHARACTER_SET_RESULTS=@OLD_CHARACTER_SET_RESULTS */;
/*!40101 SET COLLATION_CONNECTION=@OLD_COLLATION_CONNECTION */;
